verb,level,freq,sources
abstract,An,1,sharunova
abstract,Sn,1,sharunova
accept,An,1,sharunova
access,Ev,1,sharunova
acquire,Kn,1,sharunova
acquire,Ap,2,sharunova
act,Ap,19,sharunova+stanny2016
adapt,Ap,4,sharunova+stanny2016
adapt,Sn,2,sharunova
add,Cm,2,sharunova
administer,Ap,2,sharunova
administer,An,1,sharunova
advise,Sn,1,sharunova
advise,Ev,1,sharunova
allocate,Ap,2,sharunova
allow,An,1,sharunova
alphabetize,Ap,3,sharunova
amend,Ap,1,sharunova
analyze,An,24,newton2020+sharunova+stanny2016
animate,Sn,2,sharunova
anticipate,Sn,2,sharunova
apply,Ap,22,newton2020+sharunova+stanny2016
apply,An,1,sharunova
appraise,Ap,1,sharunova
appraise,An,11,sharunova+stanny2016
appraise,Ev,22,sharunova+stanny2016
approximate,Cm,2,sharunova
arbitrate,Sn,1,sharunova
argue,Sn,1,newton2020
argue,Ev,12,sharunova+stanny2016
arrange,Kn,6,sharunova+stanny2016
arrange,Cm,1,sharunova
arrange,An,2,sharunova
arrange,Sn,22,sharunova+stanny2016
arrange,Ev,5,stanny2016
articulate,Cm,4,sharunova+stanny2016
articulate,Ap,1,sharunova
ascertain,Ap,2,sharunova
assemble,Sn,14,sharunova+stanny2016
assess,Ap,1,sharunova
assess,Sn,1,sharunova
assess,Ev,17,newton2020+sharunova+stanny2016
assign,Ap,2,sharunova
associate,Cm,4,sharunova+stanny2016
attach,Ev,4,sharunova+stanny2016
attain,Ap,2,sharunova
audit,An,3,sharunova
authenticate,Ev,1,sharunova
avoid,Ap,2,sharunova
back up,Ap,1,sharunova
blueprint,An,2,sharunova
breadboard,An,2,sharunova
break,An,8,stanny2016
breakdown,An,8,sharunova
brief,Sn,1,sharunova
budget,Sn,2,sharunova
build,Ap,1,sharunova
calculate,Ap,10,sharunova+stanny2016
calculate,An,9,newton2020+sharunova+stanny2016
capture,Ap,3,sharunova
carry out,Ap,1,sharunova
categorize,An,19,newton2020+sharunova+stanny2016
categorize,Sn,7,sharunova+stanny2016
category,An,1,sharunova
change,Ap,9,sharunova+stanny2016
change,An,1,sharunova
characterize,Cm,4,sharunova+stanny2016
characterize,An,3,sharunova
chart,Ap,3,sharunova
chart,An,1,sharunova
check,An,1,sharunova
choose,Kn,4,stanny2016
choose,Ap,11,newton2020+sharunova+stanny2016
choose,An,1,sharunova
choose,Sn,7,sharunova+stanny2016
choose,Ev,10,sharunova+stanny2016
chunk,An,1,sharunova
cite,Kn,17,sharunova+stanny2016
cite,Cm,4,sharunova+stanny2016
clarify,Cm,5,sharunova+stanny2016
classify,Cm,18,newton2020+sharunova+stanny2016
classify,Ap,6,sharunova+stanny2016
classify,An,10,sharunova+stanny2016
code,Ap,1,sharunova
code,Sn,2,sharunova
collaborate,Sn,1,sharunova
collect,Kn,2,sharunova
collect,Ap,1,sharunova
collect,Sn,10,sharunova+stanny2016
combine,Sn,14,sharunova+stanny2016
communicate,Sn,2,sharunova
compare,Cm,11,sharunova+stanny2016
compare,Ap,1,sharunova
compare,An,24,newton2020+sharunova+stanny2016
compare,Sn,1,sharunova
compare,Ev,18,sharunova+stanny2016
compile,Sn,7,sharunova+stanny2016
complete,Ap,6,sharunova+stanny2016
comply,Ap,1,sharunova
comply,Sn,3,sharunova
compose,Sn,19,newton2020+sharunova+stanny2016
compute,Cm,2,sharunova
compute,Ap,10,sharunova+stanny2016
compute,An,1,sharunova
concatenate,Ap,1,sharunova
conclude,Cm,2,sharunova
conclude,An,6,stanny2016
conclude,Ev,13,sharunova+stanny2016
conduct,Ap,1,sharunova
conduct,Sn,1,sharunova
confirm,An,2,sharunova
connect,An,2,sharunova
consider,Ev,2,sharunova
consolidate,Sn,1,sharunova
consolidate,Ev,1,sharunova
construct,Ap,13,sharunova+stanny2016
construct,Sn,29,sharunova+stanny2016
consult,Ap,1,sharunova
contrast,Cm,7,sharunova+stanny2016
contrast,An,19,newton2020+sharunova+stanny2016
contrast,Sn,1,sharunova
contrast,Ev,8,sharunova+stanny2016
contribute,Ap,1,sharunova
contribute,Sn,1,sharunova
control,Ap,1,sharunova
convert,Cm,13,sharunova+stanny2016
convey,Ap,1,sharunova
convince,Ev,2,sharunova
coordinate,Ap,1,sharunova
coordinate,Sn,1,sharunova
cope,Sn,2,sharunova
copy,Kn,4,sharunova+stanny2016
core,Ev,6,sharunova+stanny2016
correlate,An,5,sharunova+stanny2016
correspond,Sn,3,sharunova
corroborate,An,1,sharunova
counsel,Sn,1,sharunova
counsel,Ev,4,sharunova+stanny2016
count,Kn,2,sharunova
create,An,1,sharunova
create,Sn,19,newton2020+sharunova+stanny2016
create,Ev,4,stanny2016
criticize,Ap,1,sharunova
criticize,An,11,sharunova+stanny2016
criticize,Ev,11,sharunova+stanny2016
critique,Ev,14,sharunova+stanny2016
cultivate,Sn,2,sharunova
customize,Ap,2,sharunova
debate,Ap,1,sharunova
debate,An,8,sharunova+stanny2016
debate,Ev,1,sharunova
debug,Sn,2,sharunova
decide,Ev,7,sharunova+stanny2016
deduce,An,6,sharunova+stanny2016
deduce,Ev,1,sharunova
defend,Cm,12,sharunova+stanny2016
defend,Ev,15,sharunova+stanny2016
define,Kn,21,newton2020+sharunova+stanny2016
define,Cm,1,sharunova
delegate,An,1,sharunova
deliver,Ap,1,sharunova
demonstrate,Cm,6,stanny2016
demonstrate,Ap,20,newton2020+sharunova+stanny2016
demonstrate,An,1,sharunova
depict,Sn,3,sharunova
depreciate,Ap,2,sharunova
derive,Ap,3,sharunova
derive,Sn,1,sharunova
describe,Kn,14,sharunova+stanny2016
describe,Cm,22,sharunova+stanny2016
describe,Ev,4,sharunova+stanny2016
design,An,1,sharunova
design,Sn,24,newton2020+sharunova+stanny2016
design,Ev,4,stanny2016
detail,Cm,2,sharunova
detect,An,7,sharunova+stanny2016
determine,Ap,5,sharunova
determine,An,2,sharunova
determine,Ev,6,sharunova+stanny2016
develop,Ap,4,sharunova+stanny2016
develop,Sn,18,sharunova+stanny2016
devise,An,1,sharunova
devise,Sn,13,sharunova+stanny2016
diagnose,An,4,sharunova+stanny2016
diagnose,Ev,1,sharunova
diagram,Cm,1,sharunova
diagram,Ap,1,sharunova
diagram,An,12,sharunova+stanny2016
dictate,Sn,2,sharunova
differentiate,Cm,8,sharunova+stanny2016
differentiate,An,20,newton2020+sharunova+stanny2016
diminish,Ap,2,sharunova
direct,An,1,sharunova
discover,Ap,9,sharunova+stanny2016
discover,An,4,sharunova+stanny2016
discriminate,An,11,newton2020+sharunova+stanny2016
discriminate,Ev,9,sharunova+stanny2016
discuss,Cm,21,newton2020+sharunova+stanny2016
discuss,Ev,1,sharunova
dissect,Ap,1,sharunova
dissect,An,6,sharunova+stanny2016
distinguish,Cm,12,sharunova+stanny2016
distinguish,An,21,newton2020+sharunova+stanny2016
divide,Ap,1,sharunova
divide,An,12,sharunova+stanny2016
document,An,2,sharunova
document,Sn,1,sharunova
dramatize,Ap,16,sharunova+stanny2016
dramatize,An,1,sharunova
draw,Kn,5,sharunova+stanny2016
draw,Cm,1,sharunova
draw,Ap,4,sharunova
duplicate,Kn,7,sharunova+stanny2016
edit,An,1,sharunova
elaborate,Cm,3,sharunova
employ,Ap,16,sharunova+stanny2016
employ,An,1,sharunova
enforce,Ev,1,sharunova
engineer,Ap,1,sharunova
enhance,Sn,2,sharunova
ensure,An,2,sharunova
enumerate,Kn,6,sharunova
establish,Ap,3,sharunova
establish,An,1,sharunova
establish,Sn,1,sharunova
estimate,Cm,11,sharunova+stanny2016
estimate,Sn,5,sharunova+stanny2016
estimate,Ev,15,sharunova+stanny2016
evaluate,An,4,stanny2016
evaluate,Sn,4,stanny2016
evaluate,Ev,17,newton2020+sharunova+stanny2016
examine,Kn,1,sharunova
examine,Ap,5,sharunova
examine,An,18,newton2020+sharunova+stanny2016
example,Cm,3,sharunova
examples,Cm,1,sharunova
exchange,Sn,1,sharunova
execute,Ap,1,sharunova
exercise,Ap,2,sharunova
exhibit,Ap,1,sharunova
expand,Ap,1,sharunova
expand,Sn,1,sharunova
experiment,Ap,6,sharunova+stanny2016
experiment,An,9,newton2020+sharunova+stanny2016
explain,Cm,28,newton2020+sharunova+stanny2016
explain,Ap,5,stanny2016
explain,An,5,sharunova
explain,Sn,8,sharunova+stanny2016
explain,Ev,9,sharunova+stanny2016
explore,Ap,2,sharunova
explore,An,2,sharunova
expose,Ap,2,sharunova
express,Cm,17,sharunova+stanny2016
express,Ap,2,sharunova
express,Sn,2,sharunova
extend,Cm,11,sharunova+stanny2016
extend,Ap,1,sharunova
extract,An,1,sharunova
extrapolate,Cm,5,sharunova+stanny2016
extrapolate,An,1,sharunova
facilitate,Sn,4,sharunova+stanny2016
factor,Cm,2,sharunova
factor,Ap,2,sharunova
figure,Ap,2,sharunova
figure,An,4,stanny2016
figure out,An,2,sharunova
file,An,2,sharunova
find,Kn,2,sharunova
focus,An,1,sharunova
follow,Kn,1,sharunova
follow,Ap,1,sharunova
follow up,Ap,1,sharunova
forecast,Sn,1,sharunova
format,Sn,3,sharunova
formulate,Sn,18,newton2020+sharunova+stanny2016
frame,Sn,1,sharunova
gather,Sn,1,sharunova
generalize,Cm,11,newton2020+sharunova+stanny2016
generalize,Ap,5,sharunova+stanny2016
generalize,Sn,7,sharunova+stanny2016
generate,Sn,11,sharunova+stanny2016
give,Cm,10,sharunova+stanny2016
grade,Ev,5,sharunova+stanny2016
graph,Ap,2,sharunova
group,Cm,1,sharunova
group,An,4,sharunova+stanny2016
guide,Ap,1,sharunova
handle,Ap,2,sharunova
handle,Sn,2,sharunova
hire,Ev,2,sharunova
hypothesize,Sn,8,sharunova+stanny2016
identify,Kn,20,sharunova+stanny2016
identify,Cm,14,sharunova+stanny2016
identify,Ap,4,stanny2016
identify,An,7,sharunova+stanny2016
illustrate,Cm,9,sharunova+stanny2016
illustrate,Ap,18,sharunova+stanny2016
illustrate,An,8,sharunova+stanny2016
imagine,Sn,1,sharunova
imitate,Kn,1,sharunova
imitate,Ap,1,sharunova
implement,Ap,4,sharunova+stanny2016
import,Sn,2,sharunova
improve,Sn,5,sharunova+stanny2016
include,Ap,1,sharunova
incorporate,Sn,4,sharunova
index,Kn,2,sharunova
indicate,Kn,4,sharunova+stanny2016
indicate,Cm,8,sharunova+stanny2016
individualize,Sn,1,sharunova
infer,Cm,15,sharunova+stanny2016
infer,An,14,newton2020+sharunova+stanny2016
infer,Ev,1,sharunova
inform,Ap,1,sharunova
initiate,Sn,2,sharunova
inquire,An,1,sharunova
inspect,Ap,1,sharunova
inspect,An,8,sharunova+stanny2016
instruct,Ap,1,sharunova
instruct,Sn,1,sharunova
integrate,Sn,5,sharunova+stanny2016
interact,Cm,2,sharunova
interconvert,Ap,2,sharunova
interface,Sn,2,sharunova
interpolate,Cm,5,sharunova+stanny2016
interpret,Cm,17,sharunova+stanny2016
interpret,Ap,15,sharunova+stanny2016
interpret,An,1,sharunova
interpret,Ev,7,sharunova
interrelate,Cm,1,sharunova
interrupt,An,2,sharunova
intervene,Sn,1,sharunova
interview,Ap,6,sharunova+stanny2016
invent,Sn,10,sharunova+stanny2016
invent,Ev,8,stanny2016
inventory,Ap,1,sharunova
inventory,An,9,sharunova+stanny2016
investigate,Ap,4,sharunova
investigate,An,7,sharunova+stanny2016
isolate,An,1,sharunova
join,Sn,2,sharunova
judge,Ev,25,newton2020+sharunova+stanny2016
justify,Ev,14,newton2020+sharunova
know,Kn,2,sharunova
label,Kn,21,newton2020+sharunova+stanny2016
lay out,An,2,sharunova
layout,An,1,sharunova
lecture,Sn,2,sharunova
limit,An,3,sharunova
link,An,1,sharunova
list,Kn,43,newton2020+sharunova+stanny2016
locate,Kn,10,sharunova+stanny2016
locate,Cm,10,newton2020+sharunova+stanny2016
maintain,Ap,1,sharunova
make,Ap,2,sharunova
make,Sn,6,stanny2016
make sense of,Cm,1,sharunova
make up,Sn,1,sharunova
manage,An,3,sharunova
manage,Sn,8,sharunova+stanny2016
manage,Ev,15,stanny2016
manipulate,Ap,10,sharunova+stanny2016
manipulate,An,1,sharunova
match,Kn,14,sharunova+stanny2016
match,Cm,7,sharunova+stanny2016
maximize,An,2,sharunova
measure,Sn,1,sharunova
measure,Ev,9,sharunova
mediate,Ev,9,sharunova+stanny2016
meet,Kn,2,sharunova
memorize,Kn,10,sharunova+stanny2016
minimize,An,2,sharunova
model,Ap,1,sharunova
model,An,1,sharunova
model,Sn,3,sharunova
moderate,An,1,sharunova
modify,Ap,12,sharunova+stanny2016
modify,An,1,sharunova
modify,Sn,10,sharunova+stanny2016
monitor,An,1,sharunova
monitor,Ev,1,sharunova
motivate,Ev,1,sharunova
multiply,Ap,1,sharunova
name,Kn,22,newton2020+sharunova+stanny2016
negotiate,An,1,sharunova
negotiate,Sn,1,sharunova
network,Sn,2,sharunova
observe,Kn,1,sharunova
observe,Cm,5,sharunova+stanny2016
obtain,Ap,1,sharunova
operate,Cm,1,sharunova
operate,Ap,17,newton2020+sharunova+stanny2016
operate,An,1,sharunova
optimize,An,2,sharunova
order,Kn,5,sharunova+stanny2016
order,Cm,1,sharunova
order,An,5,sharunova+stanny2016
organize,Cm,5,stanny2016
organize,Ap,4,sharunova+stanny2016
organize,An,6,sharunova+stanny2016
organize,Sn,21,sharunova+stanny2016
originate,Sn,9,sharunova+stanny2016
outline,Kn,11,sharunova+stanny2016
outline,Cm,2,sharunova
outline,An,10,newton2020+sharunova+stanny2016
outline,Sn,2,sharunova
overhaul,Sn,2,sharunova
paint,Ap,4,sharunova+stanny2016
paraphrase,Cm,22,newton2020+sharunova+stanny2016
participate,Ap,1,sharunova
perform,Ap,2,sharunova
perform,Sn,2,sharunova
personalize,Ap,2,sharunova
picture graphically,Cm,2,sharunova
plan,Sn,21,newton2020+sharunova+stanny2016
plot,Ap,2,sharunova
point,Kn,2,sharunova
point out,An,7,sharunova
portray,Sn,2,sharunova
practice,Ap,15,stanny2016
practise,Ap,13,sharunova
practise,An,1,sharunova
predict,Cm,12,sharunova+stanny2016
predict,Ap,9,sharunova+stanny2016
predict,An,4,sharunova+stanny2016
predict,Sn,8,sharunova+stanny2016
predict,Ev,6,sharunova
prepare,Ap,11,newton2020+sharunova+stanny2016
prepare,An,2,sharunova
prepare,Sn,12,sharunova+stanny2016
prepare,Ev,12,stanny2016
prescribe,Sn,2,sharunova
prescribe,Ev,2,sharunova
preserve,Ev,1,sharunova
pretend,Sn,1,sharunova
price,Ap,2,sharunova
prioritize,An,5,sharunova+stanny2016
prioritize,Ev,2,sharunova
probe,An,1,sharunova
probe,Ev,4,stanny2016
process,Ap,3,sharunova
produce,Ap,13,newton2020+sharunova+stanny2016
produce,An,1,sharunova
produce,Sn,13,sharunova+stanny2016
program,Sn,2,sharunova
progress,Sn,1,sharunova
project,Ap,3,sharunova
proofread,An,2,sharunova
propose,Sn,11,sharunova+stanny2016
protect,Ap,3,sharunova
prove,Ap,1,sharunova
prove,An,1,sharunova
prove,Ev,1,sharunova
provide,Ap,3,sharunova
query,An,2,sharunova
question,Ap,1,sharunova
question,An,12,newton2020+sharunova+stanny2016
quote,Kn,7,sharunova+stanny2016
rank,Ev,6,sharunova
rate,Sn,21,stanny2016
rate,Ev,13,newton2020+sharunova+stanny2016
read,Kn,4,sharunova+stanny2016
rearrange,Sn,9,sharunova+stanny2016
rearrange,Ev,19,stanny2016
recall,Kn,24,newton2020+sharunova+stanny2016
recite,Kn,12,sharunova+stanny2016
recognize,Kn,14,sharunova+stanny2016
recognize,Cm,11,sharunova+stanny2016
recognize,An,1,sharunova
recognize,Sn,1,sharunova
recommend,Sn,1,sharunova
recommend,Ev,9,sharunova
reconcile,An,1,sharunova
reconcile,Ev,12,sharunova+stanny2016
reconstruct,Sn,9,sharunova+stanny2016
record,Kn,13,sharunova+stanny2016
refer,Sn,3,sharunova
reframe,Sn,1,sharunova
reframe,Ev,2,sharunova
reinforce,Sn,1,sharunova
relate,Kn,11,sharunova+stanny2016
relate,Cm,7,stanny2016
relate,Ap,12,sharunova+stanny2016
relate,An,17,sharunova+stanny2016
relate,Sn,8,sharunova+stanny2016
relate,Ev,4,sharunova
release,Ev,6,sharunova+stanny2016
reorganize,Sn,9,sharunova+stanny2016
repeat,Kn,20,newton2020+sharunova+stanny2016
report,Cm,10,newton2020+sharunova+stanny2016
report,Ap,2,sharunova
represent,Cm,4,sharunova+stanny2016
reproduce,Kn,12,sharunova+stanny2016
research,An,1,sharunova
resolve,An,1,sharunova
resolve,Ev,1,sharunova
respond,Ap,1,sharunova
restate,Cm,15,sharunova+stanny2016
restructure,Ap,1,sharunova
retell,Kn,1,sharunova
retrieve,Ap,1,sharunova
review,Kn,4,sharunova+stanny2016
review,Cm,15,sharunova+stanny2016
review,An,1,sharunova
review,Sn,1,sharunova
review,Ev,1,sharunova
revise,Sn,12,newton2020+sharunova+stanny2016
revise,Ev,4,sharunova
rewrite,Cm,12,sharunova+stanny2016
rewrite,Sn,7,sharunova+stanny2016
rewrite,Ev,4,stanny2016
role-play,Sn,4,sharunova+stanny2016
round off,Ap,2,sharunova
schedule,Cm,1,sharunova
schedule,Ap,11,sharunova+stanny2016
schedule,An,1,sharunova
score,Ev,5,sharunova
screen,Ap,1,sharunova
scrutinize,An,1,sharunova
select,Kn,16,sharunova+stanny2016
select,Cm,7,sharunova+stanny2016
select,Ap,4,sharunova+stanny2016
select,An,12,sharunova+stanny2016
select,Ev,14,sharunova+stanny2016
separate,An,12,sharunova+stanny2016
sequence,Kn,1,sharunova
sequence,Ap,2,sharunova
set up,Sn,6,sharunova
setup,An,1,sharunova
setup,Sn,1,sharunova
shop,Cm,1,sharunova
shop,Ap,3,sharunova
show,Kn,1,sharunova
show,Ap,13,sharunova+stanny2016
show,An,1,sharunova
simplify,Ap,1,sharunova
simulate,Ap,5,sharunova+stanny2016
simulate,Sn,1,sharunova
size up,An,2,sharunova
sketch,Cm,1,sharunova
sketch,Ap,17,sharunova+stanny2016
sketch,An,1,sharunova
solve,Ap,19,newton2020+sharunova+stanny2016
solve,An,8,sharunova+stanny2016
solve,Sn,1,sharunova
specify,Sn,5,sharunova+stanny2016
speculate,Sn,1,sharunova
state,Kn,23,newton2020+sharunova+stanny2016
structure,Sn,1,sharunova
study,Kn,2,sharunova
subdivide,An,10,sharunova+stanny2016
subscribe,Ap,2,sharunova
substitute,Sn,3,sharunova
subtract,Cm,2,sharunova
suggest,Cm,1,sharunova
summarize,Cm,20,newton2020+sharunova+stanny2016
summarize,An,1,sharunova
summarize,Sn,7,sharunova+stanny2016
summarize,Ev,6,sharunova
summary,Ev,1,sharunova
supervise,Sn,1,sharunova
supervise,Ev,9,stanny2016
support,Sn,1,newton2020
support,Ev,15,sharunova
survey,An,7,sharunova+stanny2016
synthesize,Sn,4,sharunova+stanny2016
synthesize,Ev,16,stanny2016
tabulate,Kn,4,sharunova+stanny2016
tabulate,Ap,2,sharunova
tally,Kn,1,sharunova
tally,Ap,1,sharunova
teach,Sn,1,sharunova
tell,Kn,5,sharunova+stanny2016
tell,Cm,7,sharunova+stanny2016
tell,Sn,4,sharunova
test,An,14,newton2020+sharunova+stanny2016
test,Ev,8,sharunova+stanny2016
trace,Kn,2,sharunova
trace,Cm,1,sharunova
train,An,2,sharunova
transcribe,Ap,3,sharunova
transfer,Ap,2,sharunova
transform,An,2,sharunova
translate,Cm,21,newton2020+sharunova+stanny2016
translate,Ap,5,sharunova+stanny2016
troubleshoot,An,1,sharunova
underline,Kn,7,sharunova+stanny2016
understand,Cm,1,sharunova
unify,Sn,1,sharunova
update,Sn,1,sharunova
uphold,Ev,1,sharunova
use,Ap,25,newton2020+sharunova+stanny2016
use,An,1,sharunova
use,Ev,1,sharunova
utilize,Ap,4,sharunova+stanny2016
validate,Sn,1,sharunova
validate,Ev,4,sharunova
value,Ev,10,sharunova+stanny2016
verify,Ev,9,sharunova+stanny2016
view,Kn,1,sharunova
visualize,Kn,1,sharunova
visualize,Cm,2,sharunova
weigh,Ev,5,sharunova+stanny2016
write,Kn,6,sharunova+stanny2016
write,Ap,5,sharunova+stanny2016
write,An,1,sharunova
write,Sn,17,sharunova+stanny2016
