verb,level,freq
list,Kn,20
name,Kn,18
define,Kn,16
repeat,Kn,15
state,Kn,15
label,Kn,14
recall,Kn,14
identify,Kn,13
reproduce,Kn,12
describe,Kn,12
recognize,Kn,11
select,Kn,10
record,Kn,10
match,Kn,9
relate,Kn,9
memorize,Kn,9
outline,Kn,6
quote,Kn,6
enumerate,Kn,6
write,Kn,6
tell,Kn,5
recite,Kn,4
cite,Kn,4
duplicate,Kn,4
read,Kn,4
order,Kn,3
tabulate,Kn,3
draw,Kn,3
review,Kn,3
indicate,Kn,3
underline,Kn,3
arrange,Kn,3
know,Kn,2
point,Kn,2
count,Kn,2
collect,Kn,2
meet,Kn,2
study,Kn,2
trace,Kn,2
find,Kn,2
index,Kn,2
locate,Kn,2
show,Kn,1
visualize,Kn,1
examine,Kn,1
copy,Kn,1
sequence,Kn,1
acquire,Kn,1
retell,Kn,1
view,Kn,1
observe,Kn,1
tally,Kn,1
imitate,Kn,1
follow,Kn,1
explain,Cm,19
describe,Cm,18
discuss,Cm,18
paraphrase,Cm,14
restate,Cm,13
summarize,Cm,13
translate,Cm,10
convert,Cm,10
review,Cm,10
express,Cm,10
estimate,Cm,10
identify,Cm,10
generalize,Cm,10
interpret,Cm,10
locate,Cm,10
give,Cm,10
distinguish,Cm,10
extend,Cm,9
predict,Cm,9
recognize,Cm,9
defend,Cm,8
classify,Cm,8
infer,Cm,7
report,Cm,7
illustrate,Cm,7
rewrite,Cm,6
select,Cm,5
contrast,Cm,5
differentiate,Cm,5
compare,Cm,5
indicate,Cm,3
exemplify,Cm,3
observe,Cm,3
elaborate,Cm,3
associate,Cm,3
visualize,Cm,2
articulate,Cm,2
clarify,Cm,2
subtract,Cm,2
approximate,Cm,2
interpolate,Cm,2
tell,Cm,2
detail,Cm,2
outline,Cm,2
cite,Cm,2
picture,Cm,2
interact,Cm,2
conclude,Cm,2
characterize,Cm,2
add,Cm,2
factor,Cm,2
compute,Cm,2
match,Cm,1
schedule,Cm,1
order,Cm,1
sketch,Cm,1
draw,Cm,1
define,Cm,1
operate,Cm,1
arrange,Cm,1
group,Cm,1
extrapolate,Cm,1
diagram,Cm,1
interrelate,Cm,1
represent,Cm,1
trace,Cm,1
shop,Cm,1
suggest,Cm,1
understand,Cm,1
demonstrate,Ap,18
use,Ap,17
apply,Ap,17
solve,Ap,17
illustrate,Ap,15
dramatize,Ap,13
practise,Ap,13
employ,Ap,12
operate,Ap,12
sketch,Ap,11
prepare,Ap,11
show,Ap,11
compute,Ap,10
relate,Ap,10
construct,Ap,10
interpret,Ap,10
discover,Ap,9
change,Ap,9
produce,Ap,9
manipulate,Ap,8
schedule,Ap,8
modify,Ap,8
predict,Ap,8
complete,Ap,6
choose,Ap,6
classify,Ap,6
translate,Ap,5
determine,Ap,5
examine,Ap,5
calculate,Ap,5
investigate,Ap,4
draw,Ap,4
write,Ap,4
protect,Ap,3
derive,Ap,3
chart,Ap,3
alphabetize,Ap,3
simulate,Ap,3
process,Ap,3
provide,Ap,3
capture,Ap,3
project,Ap,3
transcribe,Ap,3
organize,Ap,3
shop,Ap,3
establish,Ap,3
attain,Ap,2
graph,Ap,2
assign,Ap,2
allocate,Ap,2
convert,Ap,2
experiment,Ap,2
exercise,Ap,2
diminish,Ap,2
make,Ap,2
develop,Ap,2
ascertain,Ap,2
tabulate,Ap,2
depreciate,Ap,2
subscribe,Ap,2
implement,Ap,2
handle,Ap,2
transfer,Ap,2
factor,Ap,2
avoid,Ap,2
expose,Ap,2
express,Ap,2
perform,Ap,2
sequence,Ap,2
acquire,Ap,2
administer,Ap,2
personalize,Ap,2
adapt,Ap,2
plot,Ap,2
customize,Ap,2
interview,Ap,2
paint,Ap,2
explore,Ap,2
utilize,Ap,2
report,Ap,2
figure,Ap,2
price,Ap,2
coordinate,Ap,1
simplify,Ap,1
consult,Ap,1
maintain,Ap,1
deliver,Ap,1
extend,Ap,1
imitate,Ap,1
guide,Ap,1
conduct,Ap,1
multiply,Ap,1
build,Ap,1
code,Ap,1
contribute,Ap,1
obtain,Ap,1
model,Ap,1
compare,Ap,1
divide,Ap,1
exhibit,Ap,1
tally,Ap,1
inform,Ap,1
diagram,Ap,1
expand,Ap,1
amend,Ap,1
engineer,Ap,1
control,Ap,1
assess,Ap,1
concatenate,Ap,1
execute,Ap,1
convey,Ap,1
articulate,Ap,1
restructure,Ap,1
criticize,Ap,1
appraise,Ap,1
participate,Ap,1
generalize,Ap,1
instruct,Ap,1
follow,Ap,1
act,Ap,1
screen,Ap,1
debate,Ap,1
question,Ap,1
select,Ap,1
include,Ap,1
dissect,Ap,1
retrieve,Ap,1
inspect,Ap,1
prove,Ap,1
inventory,Ap,1
respond,Ap,1
comply,Ap,1
collect,Ap,1
compare,An,20
contrast,An,19
distinguish,An,17
analyze,An,17
differentiate,An,13
separate,An,12
examine,An,12
diagram,An,10
infer,An,10
categorize,An,9
experiment,An,9
discriminate,An,8
select,An,8
appraise,An,8
relate,An,8
test,An,8
question,An,7
classify,An,7
identify,An,7
outline,An,7
illustrate,An,7
subdivide,An,6
investigate,An,6
debate,An,6
criticize,An,6
calculate,An,6
inventory,An,6
prioritize,An,5
correlate,An,5
explain,An,5
inspect,An,5
detect,An,4
dissect,An,4
manage,An,3
audit,An,3
characterize,An,3
order,An,3
deduce,An,2
limit,An,2
connect,An,2
diagnose,An,2
document,An,2
proofread,An,2
discover,An,2
ensure,An,2
optimize,An,2
maximize,An,2
confirm,An,2
divide,An,2
transform,An,2
figure,An,2
prepare,An,2
file,An,2
determine,An,2
train,An,2
solve,An,2
survey,An,2
group,An,2
minimize,An,2
interrupt,An,2
explore,An,2
blueprint,An,2
arrange,An,1
query,An,1
edit,An,1
prove,An,1
isolate,An,1
reconcile,An,1
troubleshoot,An,1
sketch,An,1
create,An,1
summarize,An,1
dramatize,An,1
employ,An,1
inquire,An,1
link,An,1
abstract,An,1
establish,An,1
organize,An,1
compute,An,1
devise,An,1
moderate,An,1
delegate,An,1
research,An,1
model,An,1
practise,An,1
operate,An,1
demonstrate,An,1
schedule,An,1
check,An,1
use,An,1
chunk,An,1
choose,An,1
scrutinize,An,1
chart,An,1
apply,An,1
allow,An,1
extrapolate,An,1
recognize,An,1
show,An,1
modify,An,1
administer,An,1
review,An,1
change,An,1
monitor,An,1
direct,An,1
corroborate,An,1
produce,An,1
negotiate,An,1
probe,An,1
accept,An,1
design,An,1
interpret,An,1
extract,An,1
manipulate,An,1
focus,An,1
write,An,1
predict,An,1
resolve,An,1
design,Sn,20
create,Sn,19
formulate,Sn,18
plan,Sn,17
compose,Sn,16
construct,Sn,16
develop,Sn,13
combine,Sn,12
assemble,Sn,12
propose,Sn,11
devise,Sn,10
arrange,Sn,10
organize,Sn,10
collect,Sn,10
rearrange,Sn,9
prepare,Sn,9
reconstruct,Sn,9
invent,Sn,9
generate,Sn,8
modify,Sn,8
write,Sn,8
categorize,Sn,7
rewrite,Sn,7
relate,Sn,7
compile,Sn,7
revise,Sn,7
reorganize,Sn,7
summarize,Sn,5
manage,Sn,5
generalize,Sn,5
integrate,Sn,5
explain,Sn,5
produce,Sn,5
originate,Sn,4
tell,Sn,4
incorporate,Sn,4
facilitate,Sn,4
hypothesize,Sn,4
substitute,Sn,3
specify,Sn,3
improve,Sn,3
format,Sn,3
correspond,Sn,3
model,Sn,3
depict,Sn,3
synthesize,Sn,3
refer,Sn,3
comply,Sn,3
enhance,Sn,2
import,Sn,2
overhaul,Sn,2
animate,Sn,2
predict,Sn,2
adapt,Sn,2
cultivate,Sn,2
code,Sn,2
join,Sn,2
handle,Sn,2
anticipate,Sn,2
portray,Sn,2
express,Sn,2
budget,Sn,2
cope,Sn,2
debug,Sn,2
perform,Sn,2
communicate,Sn,2
outline,Sn,2
prescribe,Sn,2
initiate,Sn,2
network,Sn,2
program,Sn,2
lecture,Sn,2
dictate,Sn,2
advise,Sn,1
document,Sn,1
gather,Sn,1
derive,Sn,1
abstract,Sn,1
expand,Sn,1
establish,Sn,1
collaborate,Sn,1
conduct,Sn,1
contribute,Sn,1
coordinate,Sn,1
compare,Sn,1
speculate,Sn,1
simulate,Sn,1
progress,Sn,1
forecast,Sn,1
instruct,Sn,1
structure,Sn,1
intervene,Sn,1
frame,Sn,1
measure,Sn,1
estimate,Sn,1
recommend,Sn,1
negotiate,Sn,1
consolidate,Sn,1
choose,Sn,1
contrast,Sn,1
imagine,Sn,1
individualize,Sn,1
recognize,Sn,1
solve,Sn,1
roleplay,Sn,1
review,Sn,1
arbitrate,Sn,1
teach,Sn,1
supervise,Sn,1
assess,Sn,1
counsel,Sn,1
exchange,Sn,1
brief,Sn,1
reinforce,Sn,1
unify,Sn,1
pretend,Sn,1
update,Sn,1
validate,Sn,1
judge,Ev,21
appraise,Ev,17
evaluate,Ev,17
support,Ev,15
assess,Ev,15
select,Ev,14
justify,Ev,14
compare,Ev,13
rate,Ev,13
conclude,Ev,12
value,Ev,10
defend,Ev,10
estimate,Ev,10
choose,Ev,9
critique,Ev,9
argue,Ev,9
measure,Ev,9
recommend,Ev,9
discriminate,Ev,8
decide,Ev,7
interpret,Ev,7
criticize,Ev,7
contrast,Ev,6
rank,Ev,6
predict,Ev,6
explain,Ev,6
summarize,Ev,6
score,Ev,5
grade,Ev,5
revise,Ev,4
relate,Ev,4
verify,Ev,4
test,Ev,4
validate,Ev,4
attach,Ev,3
determine,Ev,3
describe,Ev,3
convince,Ev,2
prescribe,Ev,2
consider,Ev,2
release,Ev,2
counsel,Ev,2
hire,Ev,2
prioritize,Ev,2
deduce,Ev,1
enforce,Ev,1
advise,Ev,1
motivate,Ev,1
core,Ev,1
uphold,Ev,1
resolve,Ev,1
reconcile,Ev,1
discuss,Ev,1
authenticate,Ev,1
review,Ev,1
monitor,Ev,1
weigh,Ev,1
debate,Ev,1
diagnose,Ev,1
infer,Ev,1
mediate,Ev,1
prove,Ev,1
use,Ev,1
preserve,Ev,1
access,Ev,1
consolidate,Ev,1
