model,seed,macro_AUC,macro_F1,micro_F1,subset_acc,hamming,AUC_Kn,F1_Kn,P_Kn,R_Kn,AUC_Cm,F1_Cm,P_Cm,R_Cm,AUC_Ap,F1_Ap,P_Ap,R_Ap,AUC_An,F1_An,P_An,R_An,AUC_Sn,F1_Sn,P_Sn,R_Sn,AUC_Ev,F1_Ev,P_Ev,R_Ev,_oof_score
SGD-hinge-1e4,13,0.6632733464949767,0.448411780172478,0.4573170731707317,0.11548556430446194,0.3114610673665792,0.796430563301729,0.411214953271028,0.4230769230769231,0.4,0.6784928250726296,0.42162162162162165,0.35135135135135137,0.527027027027027,0.6054979253112034,0.49295774647887325,0.4861111111111111,0.5,0.6209465648854963,0.47107438016528924,0.5135135135135135,0.4351145038167939,0.6034461462450593,0.4878048780487805,0.44025157232704404,0.546875,0.6748260541537429,0.4057971014492754,0.328125,0.5316455696202531,"[[0.74099553 0.70853849 0.2846036  0.05161848 0.44001719 0.56819408]
 [0.77291248 0.57764126 0.37693202 0.23852913 0.39432374 0.71406747]
 [0.70010362 0.6301779  0.47360704 0.29906052 0.75341204 0.42668812]
 ...
 [0.21332065 0.99347668 0.81946408 0.69229366 0.40449894 0.26265245]
 [0.6216861  0.76340473 0.5809247  0.14668339 0.41707334 0.78325333]
 [0.96271785 0.29068777 0.20758396 0.66340341 0.44086249 0.34209278]]"
SGD-hinge-1e4,14,0.6698613507025194,0.4524664528468891,0.4501510574018127,0.08398950131233596,0.3184601924759405,0.7998884551031791,0.49557522123893805,0.4827586206896552,0.509090909090909,0.6648912756404612,0.4294478527607362,0.39325842696629215,0.47297297297297297,0.5724066390041493,0.3958333333333333,0.38513513513513514,0.40714285714285714,0.6669312977099237,0.4961832061068702,0.4961832061068702,0.4961832061068702,0.6082015810276679,0.47619047619047616,0.42168674698795183,0.546875,0.7068488557297342,0.4215686274509804,0.344,0.5443037974683544,"[[0.54050701 0.81907208 0.04176885 0.33807938 0.33472606 0.47631424]
 [0.78598171 0.54982113 0.37537431 0.35767075 0.91362681 0.52037068]
 [0.54721874 0.14009949 0.89469538 0.7675003  0.7459266  0.50665747]
 ...
 [0.31363059 0.96217403 0.59120473 0.83168312 0.63503143 0.31181442]
 [0.49161833 0.15492143 0.64641917 0.40411522 0.76631518 0.71177139]
 [0.95745281 0.4967374  0.40057042 0.50299607 0.72499762 0.31786375]]"
SGD-hinge-1e4,15,0.6630958982459884,0.4410928611345024,0.4430290162774239,0.08661417322834646,0.3442694663167104,0.7878416062465142,0.43243243243243246,0.34408602150537637,0.5818181818181818,0.7122986178360772,0.43373493975903615,0.391304347826087,0.4864864864864865,0.5713100177830468,0.44518272425249167,0.4161490683229814,0.4785714285714286,0.6483664122137405,0.4981132075471698,0.4925373134328358,0.5038167938931297,0.5965909090909092,0.4620938628158845,0.42953020134228187,0.5,0.6621678263056417,0.375,0.2711864406779661,0.6075949367088608,"[[0.96419673 0.92850648 0.10807537 0.4757816  0.79246224 0.15849117]
 [0.79369595 0.39345143 0.27730509 0.60624389 0.57105258 0.49044292]
 [0.7489884  0.19813997 0.63100398 0.86505954 0.64179753 0.50454767]
 ...
 [0.22818462 0.89394359 0.69598331 0.42253035 0.71724346 0.36756896]
 [0.49536171 0.42777289 0.39194657 0.30978191 0.92332378 0.92595147]
 [0.79486116 0.39459651 0.42664461 0.62292346 0.83496351 0.79888176]]"
SGD-hinge-1e4,16,0.6715219130375224,0.44965967222955167,0.45494186046511625,0.08398950131233596,0.32808398950131235,0.7976575571667597,0.4148148148148148,0.35,0.509090909090909,0.6971564398274497,0.45652173913043476,0.38181818181818183,0.5675675675675675,0.5901600474214582,0.47619047619047616,0.42857142857142855,0.5357142857142857,0.6657404580152672,0.47509578544061304,0.47692307692307695,0.4732824427480916,0.5814599802371541,0.4520547945205479,0.4024390243902439,0.515625,0.6969569955570459,0.42328042328042326,0.36363636363636365,0.5063291139240507,"[[0.91544302 0.66370182 0.13551972 0.49483381 0.94918152 0.07559491]
 [0.59677445 0.58412799 0.56581754 0.83714228 0.60743559 0.40434476]
 [0.36762056 0.41527611 0.88397581 0.73619929 0.69483455 0.27755883]
 ...
 [0.29764172 0.98406353 0.75023078 0.6294526  0.28007567 0.1517928 ]
 [0.49752418 0.55212057 0.8836811  0.34729664 0.63994628 0.58022446]
 [0.9342739  0.32035784 0.8034423  0.7241444  0.75950397 0.43088804]]"
SGD-hinge-1e4,17,0.6641391648091123,0.44174178640790346,0.44305772230889234,0.09711286089238845,0.3123359580052493,0.7958728388176242,0.5081967213114754,0.4626865671641791,0.5636363636363636,0.6883528479619685,0.4311377245508982,0.3870967741935484,0.4864864864864865,0.6113515115589805,0.4652777777777778,0.4527027027027027,0.4785714285714286,0.6318167938931298,0.4521072796934866,0.45384615384615384,0.45038167938931295,0.6010993083003953,0.45255474452554745,0.4246575342465753,0.484375,0.6563416883225753,0.3411764705882353,0.31868131868131866,0.3670886075949367,"[[0.87907901 0.80717212 0.04636194 0.43104232 0.96109662 0.30621692]
 [0.56758769 0.37769992 0.69268049 0.23630669 0.55657734 0.54146455]
 [0.76855752 0.48850188 0.57742827 0.64782733 0.50830298 0.20186706]
 ...
 [0.02920589 0.98368239 0.51384723 0.78107667 0.35736234 0.19618612]
 [0.36065549 0.35116682 0.66240728 0.28659812 0.61399421 0.69558844]
 [0.94177823 0.17259771 0.21886359 0.38577506 0.78294955 0.50758002]]"
SGD-log-1e5,13,0.669566239908728,0.4523214030052188,0.455521472392638,0.10236220472440945,0.310586176727909,0.80574456218628,0.45454545454545453,0.45454545454545453,0.45454545454545453,0.681133902632274,0.4311377245508982,0.3870967741935484,0.4864864864864865,0.6071428571428572,0.46689895470383275,0.4557823129251701,0.4785714285714286,0.631206106870229,0.49070631970260226,0.4782608695652174,0.5038167938931297,0.6047276432806324,0.4485294117647059,0.4236111111111111,0.4765625,0.6874423673400956,0.4221105527638191,0.35,0.5316455696202531,"[[0.64559645 0.71371777 0.34883345 0.12091857 0.52080447 0.42832271]
 [0.74060506 0.52671209 0.48028115 0.3456968  0.47587699 0.56528483]
 [0.75628578 0.49909396 0.63469297 0.28767272 0.54988655 0.32825611]
 ...
 [0.05026013 0.99225119 0.81941363 0.71244423 0.45370494 0.38723365]
 [0.62029107 0.77657425 0.70694995 0.30106029 0.51979174 0.70193819]
 [0.95669382 0.29514556 0.28832289 0.62334662 0.54782418 0.47524776]]"
SGD-log-1e5,14,0.676381864111207,0.44605256002860155,0.44981132075471697,0.09186351706036745,0.3188976377952756,0.8083100948131623,0.45871559633027525,0.46296296296296297,0.45454545454545453,0.6913020512369047,0.4022346368715084,0.34285714285714286,0.4864864864864865,0.5770005927682277,0.4413793103448276,0.4266666666666667,0.45714285714285713,0.6609923664122138,0.5109489051094891,0.48951048951048953,0.5343511450381679,0.6129570158102767,0.4548736462093863,0.4228187919463087,0.4921875,0.7077290636264566,0.40816326530612246,0.3418803418803419,0.5063291139240507,"[[0.50915168 0.90864629 0.09144815 0.36892331 0.24972138 0.33283311]
 [0.67590498 0.53611648 0.23777651 0.29071024 0.8695196  0.57177673]
 [0.4478215  0.20631605 0.81430721 0.80983918 0.80409479 0.28855101]
 ...
 [0.181393   0.96723689 0.46807186 0.86351823 0.62734383 0.13761413]
 [0.61475318 0.29103767 0.73317773 0.41388659 0.5724049  0.63674219]
 [0.96635634 0.39629815 0.50789172 0.4954435  0.74587185 0.32300401]]"
SGD-log-1e5,15,0.6747404624576916,0.47316917252920127,0.47340823970037454,0.10761154855643044,0.30752405949256345,0.8358337981037367,0.5354330708661418,0.4722222222222222,0.6181818181818182,0.7181089884672947,0.4260355029585799,0.37894736842105264,0.4864864864864865,0.5749555423829282,0.43902439024390244,0.42857142857142855,0.45,0.6586564885496183,0.5278810408921933,0.5144927536231884,0.5419847328244275,0.5941514328063241,0.4982698961937716,0.4472049689440994,0.5625,0.6667365244362478,0.41237113402061853,0.34782608695652173,0.5063291139240507,"[[0.92475958 0.95839702 0.02128934 0.5689586  0.73841924 0.25864352]
 [0.78808498 0.19866779 0.33786339 0.70499365 0.82651139 0.62267073]
 [0.73228782 0.32119581 0.71229139 0.75711822 0.69839359 0.16950831]
 ...
 [0.17427975 0.95996452 0.6931402  0.60619385 0.66408167 0.29384554]
 [0.61970532 0.63907433 0.43766415 0.43385602 0.91433412 0.76819221]
 [0.92049188 0.49920684 0.37548848 0.65671099 0.78067495 0.30615787]]"
SGD-log-1e5,16,0.6759346103887781,0.45386665040715807,0.4562962962962963,0.10236220472440945,0.321084864391951,0.8004461795872838,0.47244094488188976,0.4166666666666667,0.5454545454545454,0.7029227924993398,0.4307692307692308,0.34710743801652894,0.5675675675675675,0.5929756965026675,0.4794952681388013,0.4293785310734463,0.5428571428571428,0.6694656488549618,0.48627450980392156,0.5,0.4732824427480916,0.5849184782608695,0.4411764705882353,0.4166666666666667,0.46875,0.7048788666275464,0.41304347826086957,0.3619047619047619,0.4810126582278481,"[[0.83541182 0.71963172 0.16101245 0.67288432 0.94536185 0.04578944]
 [0.65607202 0.64919257 0.52874416 0.86259581 0.67833279 0.52332669]
 [0.28404121 0.25181901 0.95597554 0.85913894 0.53419446 0.14619562]
 ...
 [0.2614189  0.9897704  0.75777139 0.56604724 0.25129364 0.16916302]
 [0.53706442 0.42055097 0.94509384 0.40443593 0.50536854 0.50733304]
 [0.89289328 0.36698046 0.70983679 0.68093018 0.74382204 0.41905973]]"
SGD-log-1e5,17,0.6731378991823961,0.46758700907026557,0.46692015209125476,0.08136482939632546,0.30664916885389326,0.7991076408254322,0.5210084033613446,0.484375,0.5636363636363636,0.6997094814684391,0.4444444444444444,0.37735849056603776,0.5405405405405406,0.6104179016004743,0.5017421602787456,0.4897959183673469,0.5142857142857142,0.6484885496183206,0.4549019607843137,0.46774193548387094,0.44274809160305345,0.6091279644268776,0.46853146853146854,0.4240506329113924,0.5234375,0.6719758571548328,0.4148936170212766,0.3577981651376147,0.4936708860759494,"[[0.8581101  0.92094289 0.10626142 0.58864696 0.81522743 0.24071678]
 [0.72520406 0.56258234 0.75930907 0.24833451 0.61033437 0.67267452]
 [0.63597333 0.24338686 0.58934087 0.51929911 0.53090203 0.13004053]
 ...
 [0.11390654 0.98920044 0.53708655 0.88042218 0.52123714 0.30847213]
 [0.64113332 0.52434832 0.67119871 0.34451187 0.69757472 0.76931138]
 [0.952187   0.28055696 0.19797923 0.50044779 0.88283732 0.62842832]]"
SGD-hinge-1e5,13,0.6570720132021014,0.4634364690523934,0.4690831556503198,0.09448818897637795,0.32677165354330706,0.8007808142777468,0.5031446540880503,0.38461538461538464,0.7272727272727273,0.6666519940135575,0.40963855421686746,0.3695652173913043,0.4594594594594595,0.6003260225251926,0.5014925373134328,0.4307692307692308,0.6,0.6138931297709924,0.46923076923076923,0.4728682170542636,0.46564885496183206,0.592576581027668,0.48,0.4186046511627907,0.5625,0.6682035375974515,0.41711229946524064,0.3611111111111111,0.4936708860759494,"[[0.52615919 0.59737322 0.25885992 0.0526883  0.53019859 0.00408032]
 [0.70844351 0.25156184 0.43730272 0.24726685 0.4490283  0.02941849]
 [0.94651509 0.25918932 0.66761472 0.39838788 0.70633716 0.50950681]
 ...
 [0.0131009  0.89636695 0.86454458 0.76690872 0.45124763 0.21254097]
 [0.55446701 0.86932806 0.56029676 0.21011137 0.57352571 0.0102557 ]
 [0.99673203 0.44007978 0.39529942 0.60516612 0.64981768 0.34063871]]"
SGD-hinge-1e5,14,0.6725781855960958,0.4634208555399968,0.46686746987951805,0.11811023622047244,0.30971128608923887,0.8108198549916341,0.5087719298245614,0.4915254237288136,0.5272727272727272,0.6646711858438242,0.40476190476190477,0.3617021276595745,0.4594594594594595,0.5901896858328394,0.43795620437956206,0.44776119402985076,0.42857142857142855,0.6625648854961831,0.5204460966542751,0.5072463768115942,0.5343511450381679,0.6212481472332017,0.506578947368421,0.4375,0.6015625,0.6859753541788918,0.4020100502512563,0.3333333333333333,0.5063291139240507,"[[0.32979128 0.86674149 0.03295553 0.4083316  0.09253304 0.20617368]
 [0.14672435 0.59697348 0.1802848  0.23870278 0.91372784 0.58124485]
 [0.66551162 0.32483341 0.69418364 0.76710302 0.88014729 0.25020023]
 ...
 [0.4776566  0.94144214 0.50900615 0.81339073 0.72305394 0.20542878]
 [0.45888211 0.16886234 0.83945806 0.50089318 0.36496892 0.44310609]
 [0.95023338 0.21278719 0.20098774 0.67145977 0.81182899 0.4864354 ]]"
SGD-hinge-1e5,15,0.673500069109595,0.468890932585867,0.47780126849894294,0.09448818897637795,0.3241469816272966,0.8084216397099833,0.463768115942029,0.3855421686746988,0.5818181818181818,0.7237432872612025,0.4840764331210191,0.4578313253012048,0.5135135135135135,0.586158861885003,0.47058823529411764,0.4,0.5714285714285714,0.642824427480916,0.4983388704318937,0.4411764705882353,0.5725190839694656,0.6140377964426879,0.5253164556962026,0.44148936170212766,0.6484375,0.6658144018777767,0.3712574850299401,0.3522727272727273,0.3924050632911392,"[[0.83030059 0.95661012 0.27895899 0.65211844 0.8821779  0.28837056]
 [0.17654959 0.36134976 0.26646859 0.54582869 0.76237522 0.44430901]
 [0.41023574 0.04493416 0.79501794 0.97682973 0.3573835  0.12380465]
 ...
 [0.24049931 0.9222124  0.88786427 0.73316569 0.75137676 0.13751007]
 [0.52889527 0.7053176  0.4866014  0.29655103 0.98405456 0.78502099]
 [0.90106257 0.55254593 0.38278821 0.64992981 0.84466434 0.33871086]]"
SGD-hinge-1e5,16,0.6616064919889014,0.4379296194763384,0.44136926438455937,0.07349081364829396,0.33552055993000873,0.7771890686001116,0.43902439024390244,0.39705882352941174,0.4909090909090909,0.6779646095607008,0.40336134453781514,0.2926829268292683,0.6486486486486487,0.5879075281564908,0.48338368580060426,0.418848167539267,0.5714285714285714,0.6594198473282443,0.45136186770428016,0.4603174603174603,0.44274809160305345,0.5782485177865613,0.421875,0.421875,0.421875,0.6889093805012994,0.42857142857142855,0.4044943820224719,0.45569620253164556,"[[0.81628821 0.81557812 0.24087208 0.88218813 0.85681902 0.25275322]
 [0.72597201 0.26771542 0.57041617 0.71377721 0.59460535 0.60566284]
 [0.0688307  0.19761901 0.96970646 0.77268396 0.46055254 0.0741034 ]
 ...
 [0.05653852 0.95496772 0.78661627 0.53223496 0.33714866 0.16793499]
 [0.2328353  0.26627288 0.95662171 0.36270464 0.42447361 0.36167473]
 [0.87368706 0.69281574 0.6903791  0.83693443 0.57172596 0.37380688]]"
SGD-hinge-1e5,17,0.6577587850866701,0.4423835860727276,0.44732824427480916,0.10236220472440945,0.31671041119860016,0.7663692136084774,0.4246575342465753,0.34065934065934067,0.5636363636363636,0.6924685271590809,0.4342105263157895,0.4230769230769231,0.44594594594594594,0.6045050385299348,0.4657534246575342,0.4473684210526316,0.4857142857142857,0.6171908396946565,0.4626865671641791,0.45255474452554745,0.4732824427480916,0.608294219367589,0.45588235294117646,0.4305555555555556,0.484375,0.6577248721602817,0.4111111111111111,0.36633663366336633,0.46835443037974683,"[[0.47397837 0.97130455 0.2288219  0.55207888 0.8597142  0.25474134]
 [0.80135954 0.20114988 0.9200447  0.13345727 0.67087967 0.69051345]
 [0.64399561 0.00337838 0.47557923 0.47367756 0.41567891 0.00337838]
 ...
 [0.50213758 0.9762056  0.56409354 0.81914709 0.47010208 0.36001133]
 [0.77144075 0.22188632 0.84027236 0.1666528  0.65031137 0.865144  ]
 [0.95049888 0.16209252 0.42042891 0.38751868 0.86498451 0.79308791]]"
LinearSVC-C1,13,0.6944713630103018,0.467098557149834,0.4710547184773989,0.11548556430446194,0.29177602799650043,0.8295593976575572,0.4742268041237113,0.5476190476190477,0.41818181818181815,0.7083370014966107,0.43902439024390244,0.4,0.4864864864864865,0.6178719620628335,0.4863013698630137,0.46710526315789475,0.5071428571428571,0.653267175572519,0.4819277108433735,0.5084745762711864,0.4580152671755725,0.6605422430830039,0.49624060150375937,0.4782608695652174,0.515625,0.6972503981892866,0.42487046632124353,0.35964912280701755,0.5189873417721519,"[[0.58760514 0.64428688 0.17953136 0.08132264 0.84372867 0.62478138]
 [0.64514791 0.32212662 0.43481605 0.30055464 0.51774494 0.71880813]
 [0.68934615 0.41621197 0.53416339 0.35834318 0.5128643  0.27674328]
 ...
 [0.06738837 0.98992953 0.90398173 0.79541397 0.4084594  0.43675951]
 [0.74219596 0.71180424 0.79915667 0.30969276 0.42333322 0.51477753]
 [0.9739026  0.30174816 0.30381524 0.41172362 0.70067956 0.31715925]]"
LinearSVC-C1,14,0.7064925580289657,0.48814625210551027,0.49293563579277866,0.11811023622047244,0.28258967629046366,0.8368655883993308,0.5048543689320388,0.5416666666666666,0.4727272727272727,0.7072365525134257,0.43636363636363634,0.3956043956043956,0.4864864864864865,0.6066390041493777,0.4827586206896552,0.4666666666666667,0.5,0.6965801526717557,0.5393258426966292,0.5294117647058824,0.549618320610687,0.6689414525691698,0.5247148288973384,0.5111111111111111,0.5390625,0.7226925978707351,0.44086021505376344,0.38317757009345793,0.5189873417721519,"[[0.56918186 0.87994617 0.04262903 0.32659299 0.5754573  0.46548391]
 [0.62571971 0.4003496  0.28333843 0.2367329  0.83637929 0.56271458]
 [0.49309301 0.13055003 0.80008402 0.69793482 0.65362956 0.15608121]
 ...
 [0.12126715 0.96429003 0.6686172  0.76023773 0.63041932 0.18239947]
 [0.64483656 0.31166277 0.71642024 0.36342043 0.52662838 0.37768313]
 [0.96998194 0.44391397 0.53766234 0.33776449 0.8194419  0.16616049]]"
LinearSVC-C1,15,0.7006661624785183,0.4921781831504833,0.48489542989930284,0.13385826771653545,0.2909011373578303,0.8516731734523145,0.6129032258064516,0.5507246376811594,0.6909090909090909,0.7438154767144995,0.4678362573099415,0.41237113402061853,0.5405405405405406,0.6024007113218732,0.4657534246575342,0.4473684210526316,0.4857142857142857,0.6803969465648856,0.532319391634981,0.5303030303030303,0.5343511450381679,0.6446393280632411,0.4549019607843137,0.4566929133858268,0.453125,0.6810713387542963,0.41935483870967744,0.3644859813084112,0.4936708860759494,"[[0.84195054 0.9583956  0.01885753 0.60264669 0.83107971 0.46810965]
 [0.71625197 0.24204085 0.43349532 0.57299218 0.70135216 0.53115895]
 [0.59568726 0.27585049 0.69210171 0.68728323 0.49350117 0.11792636]
 ...
 [0.18142558 0.94179116 0.79771934 0.59672273 0.64729901 0.3467787 ]
 [0.69885233 0.58207282 0.52855439 0.37489215 0.73555846 0.65213848]
 [0.94693301 0.44813648 0.35164317 0.42323864 0.88211264 0.31847309]]"
LinearSVC-C1,16,0.7047045472775162,0.4788153737226873,0.48330683624801274,0.12073490813648294,0.28433945756780404,0.822866703848299,0.46153846153846156,0.43548387096774194,0.4909090909090909,0.7328109868826481,0.47619047619047616,0.425531914893617,0.5405405405405406,0.616982809721399,0.48109965635738833,0.46357615894039733,0.5,0.6886412213740457,0.5301204819277109,0.559322033898305,0.5038167938931297,0.6474184782608696,0.4881889763779528,0.49206349206349204,0.484375,0.7195070835778355,0.43575418994413406,0.39,0.4936708860759494,"[[0.83495457 0.81452557 0.05147411 0.66891986 0.95047695 0.15874575]
 [0.54249057 0.46262651 0.40375019 0.657143   0.56955613 0.51946872]
 [0.22002395 0.19794375 0.89914238 0.80320251 0.36766202 0.07171126]
 ...
 [0.20587378 0.98961399 0.84944834 0.71435862 0.20175766 0.25285687]
 [0.67668468 0.45281702 0.89585237 0.46479903 0.35553395 0.49016218]
 [0.89349854 0.33870108 0.60300127 0.55449807 0.83897431 0.18388735]]"
LinearSVC-C1,17,0.6987307039936282,0.49345733133714215,0.4916467780429594,0.15223097112860892,0.2795275590551181,0.8218070273284998,0.5691056910569106,0.5147058823529411,0.6363636363636364,0.7349238489303636,0.4588235294117647,0.40625,0.527027027027027,0.6131298162418494,0.4744525547445255,0.48507462686567165,0.4642857142857143,0.6761526717557252,0.4816326530612245,0.5175438596491229,0.45038167938931295,0.6675209980237156,0.5433962264150943,0.5255474452554745,0.5625,0.6788498616816162,0.43333333333333335,0.38613861386138615,0.4936708860759494,"[[0.86290389 0.87039393 0.03933602 0.57302352 0.90745711 0.45834045]
 [0.70652186 0.32147426 0.78116117 0.23708188 0.49110804 0.70619071]
 [0.64186583 0.23604504 0.47050094 0.51703814 0.51086979 0.08166758]
 ...
 [0.10637209 0.98003925 0.75698852 0.87216768 0.4758575  0.4051712 ]
 [0.65309624 0.46408811 0.71987413 0.4285515  0.4890992  0.61420923]
 [0.95363477 0.33361226 0.24972751 0.42861197 0.89349619 0.58158279]]"
LogReg-C1,13,0.720773499680186,0.5140169868050736,0.5110204081632653,0.16535433070866143,0.26202974628171477,0.8555493586168432,0.5631067961165048,0.6041666666666666,0.5272727272727272,0.7323708072893741,0.49032258064516127,0.4691358024691358,0.5135135135135135,0.6368109069353882,0.4874551971326165,0.4892086330935252,0.4857142857142857,0.6858015267175573,0.4819277108433735,0.5084745762711864,0.4580152671755725,0.7004693675889326,0.5748031496062992,0.5793650793650794,0.5703125,0.7136390309330204,0.4864864864864865,0.42452830188679247,0.569620253164557,"[[0.58048226 0.6891019  0.05735733 0.3482269  0.84748982 0.70270939]
 [0.5596289  0.12145024 0.45989491 0.11637109 0.3401225  0.82332229]
 [0.60393987 0.27744235 0.45806908 0.47700473 0.34473759 0.16213939]
 ...
 [0.12432773 0.99025233 0.94815741 0.86087054 0.44655555 0.44060906]
 [0.87661656 0.72046197 0.79670759 0.55673673 0.16210178 0.54138609]
 [0.98037829 0.46867503 0.37900296 0.15810367 0.80446425 0.26234127]]"
LogReg-C1,14,0.7214863372514629,0.5044357739509008,0.5073409461663948,0.16010498687664043,0.2642169728783902,0.8369771332961518,0.5048543689320388,0.5416666666666666,0.4727272727272727,0.7259441852275728,0.47560975609756095,0.43333333333333335,0.527027027027027,0.6201393005334914,0.4878048780487805,0.47619047619047616,0.5,0.707175572519084,0.5080645161290323,0.5384615384615384,0.48091603053435117,0.7114624505928854,0.570281124497992,0.5867768595041323,0.5546875,0.7272193813395926,0.48,0.4375,0.5316455696202531,"[[0.49442649 0.83671189 0.03058479 0.50887503 0.73627637 0.56530351]
 [0.55032345 0.16684309 0.3855741  0.18132429 0.55947557 0.65061959]
 [0.48089446 0.0845002  0.64331924 0.7078376  0.4633806  0.07204994]
 ...
 [0.1146403  0.97332396 0.86100762 0.78330969 0.58405818 0.17671514]
 [0.81733056 0.56370415 0.72246307 0.66256002 0.18658515 0.43953542]
 [0.97154338 0.55204401 0.55130686 0.15287971 0.88047158 0.12386052]]"
LogReg-C1,15,0.7176466387908736,0.506930458392736,0.5008,0.13648293963254593,0.27296587926509186,0.854601226993865,0.5882352941176471,0.546875,0.6363636363636364,0.7630513249405758,0.4819277108433735,0.43478260869565216,0.5405405405405406,0.6247036158861885,0.46048109965635736,0.44370860927152317,0.4785714285714286,0.687236641221374,0.5171102661596958,0.5151515151515151,0.5190839694656488,0.6870213685770751,0.5182186234817814,0.5378151260504201,0.5,0.689265655126163,0.47560975609756095,0.4588235294117647,0.4936708860759494,"[[0.64312446 0.9153322  0.01211165 0.742735   0.85475061 0.68248692]
 [0.60139967 0.13697366 0.50914275 0.35045802 0.51965839 0.63729924]
 [0.45152332 0.12182861 0.61095388 0.58205827 0.44282549 0.06843496]
 ...
 [0.18669374 0.96924378 0.90870413 0.63046908 0.64109791 0.40671999]
 [0.86415263 0.75592906 0.65130438 0.67135905 0.20444745 0.56120014]
 [0.89405341 0.48156996 0.32600996 0.17081554 0.93271599 0.27709417]]"
LogReg-C1,16,0.7220722690515634,0.5073209686721555,0.5101543460601138,0.16010498687664043,0.2637795275590551,0.8271332961517011,0.5225225225225225,0.5178571428571429,0.5272727272727272,0.753763535522493,0.4528301886792453,0.4235294117647059,0.4864864864864865,0.6344101956135152,0.5034965034965035,0.4931506849315068,0.5142857142857142,0.7024274809160305,0.5328185328185329,0.5390625,0.5267175572519084,0.6900784337944664,0.532258064516129,0.55,0.515625,0.7246206723111744,0.5,0.47191011235955055,0.5316455696202531,"[[0.70064967 0.85376062 0.01448005 0.71658795 0.89656696 0.37076745]
 [0.54296104 0.23823022 0.43113732 0.37095317 0.33842239 0.61741433]
 [0.26953721 0.12432102 0.70237456 0.75202927 0.41837937 0.02243165]
 ...
 [0.19763927 0.9929912  0.91787616 0.81821063 0.27623659 0.26675068]
 [0.76646222 0.67176254 0.76107699 0.73979687 0.08833015 0.41917161]
 [0.88690437 0.44297451 0.46900795 0.28619799 0.88058164 0.14279535]]"
LogReg-C1,17,0.7203563124899555,0.5094842684872796,0.5106732348111659,0.16010498687664043,0.26071741032370954,0.8426659230340212,0.5486725663716814,0.5344827586206896,0.5636363636363636,0.7520908530680518,0.4774193548387097,0.4567901234567901,0.5,0.6217990515708358,0.498220640569395,0.49645390070921985,0.5,0.7097404580152672,0.5060240963855421,0.5338983050847458,0.48091603053435117,0.6988636363636364,0.5603112840466926,0.5581395348837209,0.5625,0.6969779528879202,0.4662576687116564,0.4523809523809524,0.4810126582278481,"[[0.70656249 0.81987754 0.03148257 0.7000279  0.84608061 0.62273371]
 [0.62460396 0.17073196 0.75850826 0.10444494 0.20595374 0.73973193]
 [0.65420103 0.12512161 0.35088071 0.47665382 0.50639689 0.0433565 ]
 ...
 [0.14907005 0.98106214 0.90184024 0.85947402 0.6443535  0.40426896]
 [0.82174595 0.63643419 0.5835398  0.63324828 0.12139762 0.5647032 ]
 [0.96310093 0.48225594 0.20339434 0.19125623 0.91811946 0.53037972]]"
Ridge-a1,13,0.7095428900753733,0.5004316723498049,0.49756888168557534,0.13123359580052493,0.27121609798775154,0.8336307863915225,0.5283018867924528,0.5490196078431373,0.509090909090909,0.7350999207676733,0.5068493150684932,0.5138888888888888,0.5,0.6254445761707172,0.46853146853146854,0.4589041095890411,0.4785714285714286,0.6666259541984731,0.4827586206896552,0.4846153846153846,0.48091603053435117,0.6845355731225296,0.546875,0.546875,0.546875,0.7119205298013245,0.4692737430167598,0.42,0.5316455696202531,"[[0.55040771 0.67546297 0.12771919 0.15960868 0.84290481 0.64823644]
 [0.69656124 0.19195036 0.43007006 0.21143119 0.42980336 0.71069798]
 [0.58225967 0.46289266 0.53274273 0.35821574 0.41273101 0.25499821]
 ...
 [0.07570132 0.99360648 0.92845471 0.77697163 0.41154197 0.56145875]
 [0.82572644 0.65738851 0.8110717  0.34401168 0.34671007 0.49812272]
 [0.98385205 0.3540307  0.33481837 0.30501987 0.78974539 0.19189435]]"
Ridge-a1,14,0.7169108327431725,0.5055219316578596,0.5091779728651237,0.12598425196850394,0.2690288713910761,0.8398215281650865,0.5192307692307693,0.5510204081632653,0.4909090909090909,0.728673298705872,0.475,0.4418604651162791,0.5135135135135135,0.613040901007706,0.496551724137931,0.48,0.5142857142857142,0.6994198473282442,0.5303030303030303,0.5263157894736842,0.5343511450381679,0.6924098320158103,0.549618320610687,0.5373134328358209,0.5625,0.7280995892363149,0.4624277456647399,0.425531914893617,0.5063291139240507,"[[0.59521856 0.87659841 0.04424536 0.36113839 0.66553098 0.50400925]
 [0.69565772 0.29665913 0.32768079 0.21602092 0.73154492 0.60174885]
 [0.5253012  0.12620642 0.7905241  0.66721879 0.5187799  0.12728463]
 ...
 [0.0887878  0.96508461 0.76870489 0.72510418 0.56074626 0.28631149]
 [0.71446934 0.30902848 0.73768562 0.4009758  0.41730861 0.41419292]
 [0.96888348 0.45483691 0.58232327 0.2532761  0.85799195 0.15888141]]"
Ridge-a1,15,0.7106098941211303,0.5060796750809623,0.5011933174224343,0.13648293963254593,0.2742782152230971,0.8494422755158952,0.5789473684210527,0.559322033898305,0.6,0.7662646359714764,0.49056603773584906,0.4588235294117647,0.527027027027027,0.6079134558387671,0.47017543859649125,0.46206896551724136,0.4785714285714286,0.6843358778625954,0.5220588235294118,0.5035460992907801,0.5419847328244275,0.6697906373517786,0.5140562248995983,0.5289256198347108,0.5,0.6859124821862688,0.4606741573033708,0.41414141414141414,0.5189873417721519,"[[0.71255987 0.93997433 0.00632859 0.65165008 0.8217414  0.54161558]
 [0.71040514 0.19808169 0.46333156 0.47231669 0.60617443 0.48776818]
 [0.47252634 0.2711033  0.67866015 0.65158069 0.43492791 0.11466585]
 ...
 [0.1733983  0.96722746 0.83775471 0.60402597 0.62518855 0.52138283]
 [0.76554335 0.54336272 0.60746693 0.41629948 0.52333469 0.60954191]
 [0.92816268 0.36304121 0.33603681 0.29766631 0.92394381 0.27620102]]"
Ridge-a1,16,0.7159651237447595,0.49694910439890355,0.5016181229773463,0.13910761154855644,0.2694663167104112,0.8195203569436699,0.4827586206896552,0.45901639344262296,0.509090909090909,0.7505062065322652,0.4805194805194805,0.4625,0.5,0.6243627741553053,0.49146757679180886,0.47058823529411764,0.5142857142857142,0.6951450381679388,0.52,0.5462184873949579,0.4961832061068702,0.6713037302371542,0.5418326693227091,0.5528455284552846,0.53125,0.734952636432224,0.46511627906976744,0.43010752688172044,0.5063291139240507,"[[0.69890685 0.85739064 0.03725906 0.7131494  0.91402241 0.2504265 ]
 [0.57808883 0.36386553 0.46551874 0.54123343 0.47482178 0.57057424]
 [0.23284665 0.26501039 0.86829558 0.71857041 0.3823301  0.09423872]
 ...
 [0.14387458 0.99245536 0.88360051 0.72704071 0.21678033 0.40306565]
 [0.66745384 0.37311859 0.87439723 0.51580638 0.24784677 0.488287  ]
 [0.92411754 0.2957547  0.58392153 0.45006763 0.87681805 0.13693192]]"
Ridge-a1,17,0.7135055849302573,0.49481154148391676,0.4921030756442228,0.14173228346456693,0.2672790901137358,0.8291689905186836,0.5663716814159292,0.5517241379310345,0.5818181818181818,0.7548639845056783,0.47297297297297297,0.47297297297297297,0.47297297297297297,0.6158861885002964,0.4509090909090909,0.45925925925925926,0.44285714285714284,0.6899847328244274,0.48360655737704916,0.5221238938053098,0.45038167938931295,0.6914062500000001,0.555984555984556,0.549618320610687,0.5625,0.6997233632324587,0.43902439024390244,0.4235294117647059,0.45569620253164556,"[[0.74002416 0.84534603 0.02863132 0.63663309 0.87458144 0.55782438]
 [0.68660292 0.22633844 0.78997296 0.1854155  0.33280793 0.66129714]
 [0.62499909 0.26960678 0.45838185 0.528102   0.48734549 0.05652658]
 ...
 [0.10813285 0.97858864 0.81990815 0.83834911 0.46156785 0.54744547]
 [0.70957093 0.4396621  0.67623114 0.46794262 0.33563766 0.61487625]
 [0.97332462 0.28576333 0.22580702 0.34563092 0.90846585 0.52105807]]"
PassiveAggressive-C1,13,0.6670051385383305,0.4444880310736561,0.45248868778280543,0.10761154855643044,0.31758530183727035,0.8056887897378695,0.41818181818181815,0.41818181818181815,0.41818181818181815,0.683951052029228,0.4235294117647059,0.375,0.4864864864864865,0.6042234736218138,0.47297297297297297,0.44871794871794873,0.5,0.6225038167938931,0.48905109489051096,0.46853146853146854,0.5114503816793893,0.6023499258893281,0.46715328467153283,0.4383561643835616,0.5,0.6833137731578507,0.39603960396039606,0.3252032520325203,0.5063291139240507,"[[0.61461814 0.65779071 0.32644324 0.07100024 0.44095706 0.34896627]
 [0.73781456 0.45381838 0.46373613 0.30345992 0.45529761 0.46473713]
 [0.61660362 0.44823973 0.56544452 0.25319777 0.58589516 0.24618564]
 ...
 [0.01376995 0.99142652 0.90416147 0.76654258 0.42660317 0.24021283]
 [0.47818765 0.70675592 0.77608209 0.25045025 0.516304   0.65446078]
 [0.97944746 0.17512227 0.18278851 0.64584429 0.57510669 0.40775201]]"
PassiveAggressive-C1,14,0.677668059745848,0.44635876208810427,0.4496951219512195,0.09448818897637795,0.31583552055993,0.8170105967651979,0.46,0.5111111111111111,0.41818181818181815,0.6797693458931244,0.4111111111111111,0.3490566037735849,0.5,0.580749851807943,0.43986254295532645,0.423841059602649,0.45714285714285713,0.6677099236641221,0.5019011406844106,0.5,0.5038167938931297,0.6072134387351777,0.4652777777777778,0.41875,0.5234375,0.7135552016095229,0.4,0.34234234234234234,0.4810126582278481,"[[0.61542634 0.88581148 0.07812603 0.29687167 0.18256532 0.33066226]
 [0.72552352 0.50507296 0.26233781 0.27290443 0.87228413 0.51670854]
 [0.47671825 0.1579221  0.77715533 0.77640037 0.80599321 0.29153475]
 ...
 [0.192107   0.96834054 0.4248369  0.86509578 0.68972269 0.05942603]
 [0.57777265 0.36219453 0.7637987  0.37128419 0.5711503  0.63643439]
 [0.97704792 0.32818456 0.46345502 0.52969714 0.71423034 0.3049063 ]]"
PassiveAggressive-C1,15,0.6700547260737525,0.4777224492503991,0.473328324567994,0.10498687664041995,0.30664916885389326,0.8347462353597324,0.576271186440678,0.5396825396825397,0.6181818181818182,0.7131349590632978,0.4186046511627907,0.3673469387755102,0.4864864864864865,0.5720065204505038,0.45484949832775917,0.4276729559748428,0.4857142857142857,0.6510534351145036,0.5147058823529411,0.49645390070921985,0.5343511450381679,0.5848721590909091,0.4748201438848921,0.44,0.515625,0.6645150473635678,0.4270833333333333,0.36283185840707965,0.5189873417721519,"[[0.83870282 0.97487264 0.0143817  0.46792849 0.6500976  0.23853831]
 [0.73928343 0.1718697  0.3572433  0.58638593 0.82197657 0.50139504]
 [0.65251574 0.27160638 0.69570842 0.88346259 0.65005608 0.20427996]
 ...
 [0.05411169 0.93083198 0.69960484 0.57591253 0.62240988 0.25558467]
 [0.54880265 0.60537399 0.38541028 0.46972867 0.91718251 0.78516995]
 [0.93771472 0.45108612 0.33038128 0.74454656 0.78773596 0.29471186]]"
PassiveAggressive-C1,16,0.6750016019275548,0.4584339033313767,0.458117123795404,0.09711286089238845,0.31977252843394577,0.7974902398215281,0.5079365079365079,0.4507042253521127,0.5818181818181818,0.7022625231094287,0.450261780104712,0.36752136752136755,0.581081081081081,0.5896710136336691,0.4805194805194805,0.44047619047619047,0.5285714285714286,0.6691603053435115,0.47509578544061304,0.47692307692307695,0.4732824427480916,0.5841156126482214,0.44525547445255476,0.4178082191780822,0.4765625,0.7073099170089697,0.3915343915343915,0.33636363636363636,0.46835443037974683,"[[0.84990656 0.75312109 0.07323264 0.71814451 0.95543109 0.03383314]
 [0.59867874 0.55530908 0.53369463 0.86698068 0.69370773 0.44347259]
 [0.27205016 0.30568064 0.95410167 0.85280146 0.51328895 0.12185189]
 ...
 [0.13856479 0.97948284 0.73117298 0.62918331 0.24149786 0.14713752]
 [0.49010956 0.37602231 0.94975095 0.39486759 0.45699632 0.55192405]
 [0.8731916  0.24910235 0.65504319 0.78215824 0.71747025 0.32892453]]"
PassiveAggressive-C1,17,0.6724527833575707,0.45763977520970495,0.45571536714610145,0.08398950131233596,0.31452318460192474,0.798047964305633,0.5087719298245614,0.4915254237288136,0.5272727272727272,0.6996214455497843,0.45977011494252873,0.4,0.5405405405405406,0.6110403082394784,0.45517241379310347,0.44,0.4714285714285714,0.647236641221374,0.4740740740740741,0.460431654676259,0.48854961832061067,0.6060400197628459,0.4626334519572954,0.42483660130718953,0.5078125,0.672730321066309,0.3854166666666667,0.3274336283185841,0.46835443037974683,"[[0.79086858 0.92428607 0.07646478 0.59390086 0.81762796 0.24091656]
 [0.68180165 0.47527828 0.80736671 0.28520228 0.59493554 0.6716223 ]
 [0.59942163 0.22223964 0.59700252 0.5455168  0.51559103 0.09353314]
 ...
 [0.02895718 0.99046068 0.53058022 0.89470553 0.40066915 0.27414863]
 [0.44623559 0.37603838 0.69184139 0.39547168 0.69826417 0.7688066 ]
 [0.96043595 0.22358347 0.17475798 0.61698185 0.8642559  0.62542268]]"
kNN-21,13,0.7173134704136488,0.5051416461043944,0.5067729083665339,0.14960629921259844,0.27077865266841644,0.8574456218627997,0.4915254237288136,0.4603174603174603,0.5272727272727272,0.7389074742494938,0.5398773006134969,0.4943820224719101,0.5945945945945946,0.6153823355068169,0.48398576512455516,0.48226950354609927,0.4857142857142857,0.6718167938931298,0.5056603773584906,0.5,0.5114503816793893,0.6919775197628458,0.5482625482625483,0.5419847328244275,0.5546875,0.7283510772068069,0.46153846153846156,0.43333333333333335,0.4936708860759494,"[[0.62342123 0.91119447 0.01884154 0.79872778 0.65816399 0.53405974]
 [0.38228831 0.16991889 0.35297744 0.10979395 0.43530817 0.59352394]
 [0.41170187 0.5422439  0.47750615 0.25723571 0.40038062 0.42027554]
 ...
 [0.8331107  0.98814769 0.86028201 0.68724831 0.05551608 0.21903969]
 [0.88939639 0.453859   0.57233878 0.09341914 0.10430393 0.79268684]
 [0.77178847 0.13982996 0.32477396 0.13330639 0.98234842 0.3810095 ]]"
kNN-21,14,0.7088422690780298,0.48177811880540905,0.4889589905362776,0.14698162729658792,0.28346456692913385,0.8386503067484663,0.4406779661016949,0.4126984126984127,0.4727272727272727,0.7128048243683424,0.47674418604651164,0.41836734693877553,0.5540540540540541,0.594665085951393,0.488135593220339,0.4645161290322581,0.5142857142857142,0.6975267175572518,0.5307692307692308,0.5348837209302325,0.5267175572519084,0.6909893774703557,0.5019607843137255,0.5039370078740157,0.5,0.7184173023723699,0.4523809523809524,0.42696629213483145,0.4810126582278481,"[[0.51979273 0.93460822 0.0273739  0.70773274 0.60798021 0.56769952]
 [0.32819978 0.05538132 0.54412037 0.24260856 0.6701839  0.50370303]
 [0.54365511 0.19238361 0.55697731 0.2299321  0.64876426 0.13595694]
 ...
 [0.75029601 0.98335253 0.85460485 0.6324786  0.35723726 0.22769846]
 [0.95389265 0.51116537 0.43198832 0.2469218  0.14283122 0.56439764]
 [0.79815068 0.27393957 0.13545126 0.15099505 0.94125576 0.22183684]]"
kNN-21,15,0.7092242471241191,0.49231646343517127,0.4944178628389155,0.12073490813648294,0.2773403324584427,0.8429447852760736,0.4838709677419355,0.43478260869565216,0.5454545454545454,0.7522889338850252,0.524390243902439,0.4777777777777778,0.581081081081081,0.6153823355068169,0.4778156996587031,0.45751633986928103,0.5,0.6789923664122137,0.555984555984556,0.5625,0.549618320610687,0.6575469367588933,0.4701195219123506,0.4796747967479675,0.4609375,0.708190124905692,0.44171779141104295,0.42857142857142855,0.45569620253164556,"[[0.45881194 0.92670043 0.00378443 0.7874155  0.87871832 0.72610398]
 [0.5036527  0.12166662 0.45693393 0.33785299 0.67123426 0.59396045]
 [0.1147541  0.46872258 0.53222479 0.33770616 0.53620435 0.31260692]
 ...
 [0.75804241 0.98225894 0.86207684 0.64001373 0.26654078 0.3299343 ]
 [0.8702226  0.60612564 0.58659624 0.35486171 0.19653423 0.5346844 ]
 [0.66974168 0.12508881 0.21752318 0.12087095 0.98258113 0.32312202]]"
kNN-21,16,0.7179338845461117,0.48956492924366013,0.49453978159126366,0.14173228346456693,0.28346456692913385,0.8511991076408254,0.47058823529411764,0.3950617283950617,0.5818181818181818,0.7341315256624703,0.47674418604651164,0.41836734693877553,0.5540540540540541,0.6378778897451097,0.5049180327868853,0.4666666666666667,0.55,0.6799083969465649,0.5134099616858238,0.5153846153846153,0.5114503816793893,0.6825901679841897,0.5019305019305019,0.4961832061068702,0.5078125,0.7218962192975102,0.4697986577181208,0.5,0.4430379746835443,"[[0.6265348  0.94906972 0.00396408 0.86171137 0.76713559 0.54434399]
 [0.37175272 0.39527086 0.29411971 0.25958716 0.47671904 0.43275406]
 [0.23751946 0.21291121 0.56042239 0.55856104 0.70884191 0.28694087]
 ...
 [0.85014139 0.97946006 0.90985169 0.82451901 0.02058186 0.12985222]
 [0.72888708 0.71553836 0.56256198 0.52339188 0.09878728 0.63377629]
 [0.62518892 0.1016784  0.19627834 0.21791023 0.97278533 0.31205439]]"
kNN-21,17,0.7141153834889454,0.4914962178290241,0.49404289118347894,0.14960629921259844,0.2786526684164479,0.8511433351924149,0.4915254237288136,0.4603174603174603,0.5272727272727272,0.7571309094110397,0.4772727272727273,0.4117647058823529,0.5675675675675675,0.5871665678719621,0.47653429602888087,0.48175182481751827,0.4714285714285714,0.6918167938931297,0.5118110236220472,0.5284552845528455,0.4961832061068702,0.676460597826087,0.5267175572519084,0.5149253731343284,0.5390625,0.7209740967390393,0.46511627906976744,0.43010752688172044,0.5063291139240507,"[[0.72019164 0.91781834 0.02312897 0.90441777 0.70045589 0.53746101]
 [0.41848747 0.19945351 0.61126427 0.25329213 0.40869753 0.60840003]
 [0.57385366 0.14395468 0.25667361 0.44868468 0.51290343 0.28519114]
 ...
 [0.8579248  0.97915802 0.91536556 0.63343071 0.08971351 0.15910145]
 [0.87363994 0.52380482 0.65349784 0.36140019 0.05938108 0.6765308 ]
 [0.88690094 0.17257928 0.24902804 0.22557281 0.9810983  0.31950451]]"
kNN-11,13,0.7074117614486024,0.4879716327871712,0.48909657320872274,0.13385826771653545,0.2869641294838145,0.8258505298382599,0.5,0.47540983606557374,0.5272727272727272,0.7252178888986707,0.47058823529411764,0.4166666666666667,0.5405405405405406,0.5945761707172496,0.4421052631578947,0.43448275862068964,0.45,0.6814961832061069,0.5387453874538746,0.5214285714285715,0.5572519083969466,0.6833621541501975,0.5173745173745173,0.5114503816793893,0.5234375,0.7339676418811302,0.45901639344262296,0.40384615384615385,0.5316455696202531,"[[0.72121252 0.85018918 0.02784468 0.68119636 0.66211633 0.74982052]
 [0.37718068 0.46679298 0.1463669  0.18833645 0.39253815 0.46082802]
 [0.49022663 0.53678314 0.36796051 0.55106187 0.66194216 0.70871147]
 ...
 [0.81569823 0.99139667 0.57203187 0.55313967 0.06698734 0.52801186]
 [0.83199388 0.23787933 0.61256173 0.16649624 0.21667417 0.86668494]
 [0.69490061 0.15847702 0.131576   0.09930653 0.98256958 0.49634433]]"
kNN-11,14,0.7086461805483619,0.47360294383719365,0.48392036753445633,0.12073490813648294,0.29483814523184604,0.8223647518126045,0.42105263157894735,0.4067796610169492,0.43636363636363634,0.7178008627520027,0.4606741573033708,0.3942307692307692,0.5540540540540541,0.6226437462951986,0.517799352750809,0.47337278106508873,0.5714285714285714,0.6955114503816795,0.5503875968992248,0.5590551181102362,0.5419847328244275,0.6710103754940712,0.45454545454545453,0.4411764705882353,0.46875,0.7225458965546149,0.4371584699453552,0.38461538461538464,0.5063291139240507,"[[0.74262147 0.91302579 0.02134611 0.6924261  0.47334681 0.75595164]
 [0.35049375 0.18033335 0.24604304 0.41364408 0.69236205 0.32339313]
 [0.45419829 0.2880025  0.445557   0.60622148 0.88738743 0.46236882]
 ...
 [0.82584807 0.97367725 0.56175083 0.36444683 0.28451291 0.3919505 ]
 [0.85357938 0.25987428 0.75794873 0.69236255 0.0583303  0.74856188]
 [0.54517135 0.14239482 0.03380594 0.29990367 0.96360664 0.40650712]]"
kNN-11,15,0.7002572872490441,0.4764025656123896,0.4809741248097412,0.10498687664041995,0.2983377077865267,0.8292247629670942,0.49612403100775193,0.43243243243243246,0.5818181818181818,0.7375869354696717,0.4632768361581921,0.39805825242718446,0.5540540540540541,0.6156787196206284,0.4840764331210191,0.4367816091954023,0.5428571428571428,0.6657404580152673,0.5214285714285715,0.4899328859060403,0.5572519083969466,0.6564815958498025,0.4838709677419355,0.5,0.46875,0.6968312515717998,0.40963855421686746,0.39080459770114945,0.43037974683544306,"[[0.53127289 0.91544611 0.03977031 0.8700209  0.53111346 0.86762558]
 [0.57841757 0.20804006 0.27139999 0.37031959 0.79706761 0.51890861]
 [0.31803279 0.47566976 0.59502314 0.71054538 0.52112442 0.69847415]
 ...
 [0.66628194 0.96299953 0.57684595 0.6136481  0.28026488 0.44700919]
 [0.69650942 0.48300477 0.77943018 0.50901637 0.19264271 0.73000168]
 [0.5598057  0.11074919 0.1540461  0.17322974 0.94395619 0.43082035]]"
kNN-11,16,0.7106340142979835,0.4758935913242932,0.4817629179331307,0.12598425196850394,0.2983377077865267,0.8479643056330173,0.4393939393939394,0.37662337662337664,0.5272727272727272,0.7192314464301436,0.4606741573033708,0.3942307692307692,0.5540540540540541,0.6186721991701245,0.4850498338870432,0.453416149068323,0.5214285714285715,0.6792061068702291,0.5147058823529411,0.49645390070921985,0.5343511450381679,0.6740674407114625,0.4904214559386973,0.48120300751879697,0.5,0.7246625869729232,0.46511627906976744,0.43010752688172044,0.5063291139240507,"[[0.71877812 0.9221832  0.00328947 0.89603054 0.65660558 0.724414  ]
 [0.36378763 0.71538019 0.03645653 0.43211144 0.31920351 0.29671455]
 [0.43238198 0.29934429 0.63540882 0.58739719 0.6894002  0.44872998]
 ...
 [0.82662777 0.99382625 0.78297962 0.734715   0.00653595 0.26432541]
 [0.53002665 0.46758116 0.7782648  0.67404079 0.18855945 0.69616658]
 [0.51829154 0.09539474 0.13026986 0.29511844 0.9393148  0.4256266 ]]"
kNN-11,17,0.7016944319663848,0.45238123401906316,0.4565560821484992,0.11286089238845144,0.3009623797025372,0.8262967094255438,0.47863247863247865,0.45161290322580644,0.509090909090909,0.739413680781759,0.4069767441860465,0.35714285714285715,0.47297297297297297,0.5935388263189093,0.46366782006920415,0.44966442953020136,0.4785714285714286,0.6706564885496182,0.49808429118773945,0.5,0.4961832061068702,0.6618854990118577,0.4669260700389105,0.46511627906976744,0.46875,0.7183753877106211,0.4,0.37362637362637363,0.43037974683544306,"[[0.65533777 0.8414556  0.02602956 0.80668559 0.59653075 0.57399787]
 [0.43349477 0.45547689 0.32254339 0.40885319 0.33242145 0.51405682]
 [0.46668728 0.26171953 0.37351757 0.51079956 0.50137441 0.50734307]
 ...
 [0.83588553 0.98262738 0.56185775 0.36286127 0.22379372 0.46559226]
 [0.7363085  0.47202397 0.73568319 0.70142425 0.14956049 0.71990031]
 [0.77223872 0.21463161 0.10130535 0.21432074 0.9858957  0.5231756 ]]"
NearestCentroid,13,0.7207346156874795,0.5088097856360466,0.510569105691057,0.14960629921259844,0.26334208223972005,0.8308979364194088,0.5137614678899083,0.5185185185185185,0.509090909090909,0.7391935909851219,0.4713375796178344,0.4457831325301205,0.5,0.6468879668049793,0.4693140794223827,0.4744525547445255,0.4642857142857143,0.6942595419847328,0.5224489795918368,0.5614035087719298,0.48854961832061067,0.7002840909090908,0.5648854961832062,0.5522388059701493,0.578125,0.712884567021544,0.5111111111111111,0.45544554455445546,0.5822784810126582,"[[0.54164682 0.63480135 0.10113201 0.57412781 0.7631104  0.69415997]
 [0.60938549 0.17294956 0.48744515 0.15225324 0.29790349 0.89645968]
 [0.62179251 0.31677047 0.27726174 0.60831399 0.38306192 0.23745565]
 ...
 [0.19502056 0.98224102 0.85872712 0.89959767 0.38523536 0.61748066]
 [0.91186776 0.76298152 0.70133277 0.64131701 0.14922845 0.57441897]
 [0.93151482 0.52083104 0.55621907 0.19673099 0.81237244 0.48488836]]"
NearestCentroid,14,0.7113382958630904,0.49396800717837613,0.4975124378109453,0.16272965879265092,0.2650918635170604,0.7968209704406024,0.4915254237288136,0.4603174603174603,0.5272727272727272,0.7235672154238929,0.47435897435897434,0.45121951219512196,0.5,0.6280379371665679,0.4825174825174825,0.4726027397260274,0.4928571428571429,0.7048244274809161,0.4957983193277311,0.5514018691588785,0.45038167938931295,0.6992959486166009,0.5490196078431373,0.5511811023622047,0.546875,0.7154832760499623,0.47058823529411764,0.4864864864864865,0.45569620253164556,"[[0.48359034 0.78164957 0.08235151 0.64946196 0.64120192 0.65422746]
 [0.60448841 0.22115191 0.44440944 0.25802947 0.48551312 0.78992736]
 [0.5568599  0.20892661 0.40454873 0.69191767 0.46638855 0.13456897]
 ...
 [0.14809157 0.96659047 0.81637904 0.82784431 0.46723671 0.45017359]
 [0.8930447  0.75248462 0.62589554 0.71624476 0.11820028 0.48312507]
 [0.88788715 0.56628339 0.69309109 0.16523111 0.87192422 0.28717636]]"
NearestCentroid,15,0.7138502653237154,0.48337604047041244,0.4807219031993437,0.13123359580052493,0.2769028871391076,0.8255995538204127,0.5166666666666667,0.47692307692307695,0.5636363636363636,0.7530152302139274,0.4691358024691358,0.4318181818181818,0.5135135135135135,0.640619442797866,0.44982698961937717,0.436241610738255,0.4642857142857143,0.691145038167939,0.5306122448979592,0.5701754385964912,0.4961832061068702,0.6786993577075099,0.4641350210970464,0.5045871559633027,0.4296875,0.6940229692346382,0.46987951807228917,0.4482758620689655,0.4936708860759494,"[[0.52640909 0.79347281 0.10919276 0.73448543 0.69738024 0.716547  ]
 [0.61249598 0.20304282 0.42703961 0.42787556 0.48030591 0.8025599 ]
 [0.43474503 0.18344405 0.38162792 0.55651651 0.53878429 0.16017377]
 ...
 [0.24184772 0.97081973 0.87848537 0.72348488 0.5166773  0.64429615]
 [0.89018923 0.80079291 0.48838741 0.73627599 0.14071907 0.61402392]
 [0.82054111 0.55584077 0.47410647 0.16906064 0.91957963 0.43210377]]"
NearestCentroid,16,0.7167975509417851,0.4813398454604158,0.49050371593724196,0.14960629921259844,0.2699037620297463,0.79712771890686,0.43478260869565216,0.4166666666666667,0.45454545454545453,0.7480852187692579,0.45569620253164556,0.42857142857142855,0.4864864864864865,0.6439537640782453,0.49640287769784175,0.5,0.4928571428571429,0.7034503816793893,0.5333333333333333,0.5483870967741935,0.5190839694656488,0.6963315217391305,0.5081967213114754,0.5344827586206896,0.484375,0.7118367004778271,0.45962732919254656,0.45121951219512196,0.46835443037974683,"[[0.61513391 0.77568611 0.07178484 0.72208545 0.76212828 0.57873943]
 [0.6032331  0.34003775 0.4842008  0.39456044 0.32066734 0.78449628]
 [0.34257049 0.28335616 0.40665809 0.71986079 0.48992626 0.09493785]
 ...
 [0.23988231 0.99263041 0.87172269 0.85944498 0.29438129 0.53821869]
 [0.83602337 0.74806412 0.64770542 0.79356526 0.11654047 0.42676676]
 [0.82374116 0.48217322 0.59446624 0.26590747 0.84828897 0.33394741]]"
NearestCentroid,17,0.7164297827720336,0.4865228216235821,0.48906882591093115,0.14435695538057744,0.27602799650043747,0.8124930284439487,0.4793388429752066,0.4393939393939394,0.5272727272727272,0.7391935909851219,0.46706586826347307,0.41935483870967744,0.527027027027027,0.6374036751630113,0.47719298245614034,0.4689655172413793,0.4857142857142857,0.7148091603053435,0.5267489711934157,0.5714285714285714,0.48854961832061067,0.6906805830039526,0.49606299212598426,0.5,0.4921875,0.703998658730824,0.4727272727272727,0.45348837209302323,0.4936708860759494,"[[0.6500372  0.76850813 0.0812722  0.75035174 0.59454817 0.68200406]
 [0.62114756 0.30006068 0.63832379 0.15652726 0.19683733 0.84842585]
 [0.73231765 0.18190194 0.20353854 0.50139986 0.51270682 0.10618943]
 ...
 [0.21824658 0.98353888 0.80762603 0.86407611 0.59522388 0.61579956]
 [0.89061238 0.79634987 0.54086597 0.76075898 0.07544104 0.59197549]
 [0.91624183 0.58411259 0.40519146 0.18319995 0.9165987  0.60893135]]"
GaussianNB,13,0.7165764301544764,0.5179908554996558,0.518754988028731,0.14960629921259844,0.2637795275590551,0.8387060791968768,0.5242718446601942,0.5625,0.4909090909090909,0.7403820758869618,0.5194805194805194,0.5,0.5405405405405406,0.6311944279786603,0.48056537102473496,0.4755244755244755,0.4857142857142857,0.6872061068702291,0.5224489795918368,0.5614035087719298,0.48854961832061067,0.6992496294466404,0.5766423357664233,0.541095890410959,0.6171875,0.7027202615474893,0.4845360824742268,0.40869565217391307,0.5949367088607594,"[[0.58153347 0.74925736 0.13578053 0.59293342 0.71588602 0.58689163]
 [0.63699077 0.27988439 0.52273614 0.21199735 0.20672212 0.87545113]
 [0.61637899 0.48423498 0.38924063 0.57861063 0.5015829  0.29545783]
 ...
 [0.26762466 0.99673203 0.86780052 0.895047   0.41499824 0.62013167]
 [0.78538728 0.6060562  0.75189374 0.41523445 0.11926972 0.5785565 ]
 [0.94763974 0.70928452 0.42540092 0.23343698 0.85802257 0.60860634]]"
GaussianNB,14,0.7074993528582305,0.48359063253225415,0.48670427074939565,0.12860892388451445,0.2786526684164479,0.8082543223647518,0.48695652173913045,0.4666666666666667,0.509090909090909,0.7181750154062858,0.4662576687116564,0.42696629213483145,0.5135135135135135,0.6188796680497926,0.46808510638297873,0.4647887323943662,0.4714285714285714,0.7045038167938932,0.5161290322580645,0.5470085470085471,0.48854961832061067,0.6975975790513833,0.5234375,0.5234375,0.5234375,0.6975857154832761,0.4406779661016949,0.3979591836734694,0.4936708860759494,"[[0.6152738  0.85382755 0.12216686 0.70201538 0.57946487 0.54319622]
 [0.64155064 0.29670773 0.58383197 0.34549615 0.45915707 0.82132899]
 [0.57303007 0.33736228 0.44984177 0.67112774 0.59795924 0.18486449]
 ...
 [0.2001605  0.99669967 0.83102759 0.82012639 0.50869482 0.58112414]
 [0.83744656 0.5554477  0.71079188 0.52975606 0.09535571 0.50826476]
 [0.91569382 0.74356973 0.47195146 0.15573774 0.87667736 0.3953154 ]]"
GaussianNB,15,0.7064633893387541,0.49474469903394525,0.4928909952606635,0.11811023622047244,0.28083989501312334,0.8257668711656442,0.5511811023622047,0.4861111111111111,0.6363636363636364,0.7476450391759838,0.46153846153846156,0.4105263157894737,0.527027027027027,0.625385299347955,0.45993031358885017,0.4489795918367347,0.4714285714285714,0.6761984732824429,0.532319391634981,0.5303030303030303,0.5343511450381679,0.6917459239130435,0.5104602510460251,0.5495495495495496,0.4765625,0.6720387291474557,0.4530386740331492,0.4019607843137255,0.5189873417721519,"[[0.64335374 0.85472247 0.12213278 0.75092226 0.62625198 0.60961752]
 [0.73166253 0.28381401 0.54202857 0.42622519 0.37302587 0.83759711]
 [0.46108596 0.31555564 0.46079073 0.55316884 0.64732228 0.26747619]
 ...
 [0.28458952 0.99677419 0.90476638 0.74479062 0.49415515 0.68433038]
 [0.8568712  0.76308874 0.61544809 0.53657803 0.07967835 0.51391819]
 [0.86889897 0.75103634 0.3388119  0.18907436 0.91133425 0.58954557]]"
GaussianNB,16,0.7128153928067072,0.5021316946482857,0.5066666666666667,0.12073490813648294,0.2751531058617673,0.8098717233686559,0.46774193548387094,0.42028985507246375,0.5272727272727272,0.7531472840919096,0.4880952380952381,0.43617021276595747,0.5540540540540541,0.6235921754593954,0.46689895470383275,0.4557823129251701,0.4785714285714286,0.6963969465648855,0.5433962264150943,0.5373134328358209,0.549618320610687,0.6958374505928853,0.5577689243027888,0.5691056910569106,0.546875,0.6980467767625116,0.4888888888888889,0.43564356435643564,0.5569620253164557,"[[0.68710132 0.80297262 0.11339233 0.78094787 0.71026602 0.46462113]
 [0.68649446 0.38069088 0.47451501 0.46855372 0.32076518 0.80663061]
 [0.30483656 0.32777632 0.55494173 0.7694126  0.59170313 0.20432945]
 ...
 [0.38188293 0.99673203 0.87196519 0.8592895  0.29120284 0.6595308 ]
 [0.73629769 0.60462094 0.5906151  0.61492415 0.15922917 0.40567275]
 [0.84832206 0.68502769 0.40297477 0.26204368 0.84832356 0.53265521]]"
GaussianNB,17,0.7127648674904723,0.5067658771250488,0.5051792828685259,0.14960629921259844,0.27165354330708663,0.8189068600111545,0.5691056910569106,0.5147058823529411,0.6363636363636364,0.7495818293863896,0.47337278106508873,0.42105263157894735,0.5405405405405406,0.6170124481327801,0.4842105263157895,0.47586206896551725,0.4928571428571429,0.70993893129771,0.5126050420168067,0.5700934579439252,0.46564885496183206,0.6937067687747036,0.5482625482625483,0.5419847328244275,0.5546875,0.6874423673400956,0.4530386740331492,0.4019607843137255,0.5189873417721519,"[[0.67120815 0.78250342 0.11940823 0.75551713 0.59816307 0.48975517]
 [0.62378731 0.36899383 0.6922882  0.21773149 0.23737447 0.858404  ]
 [0.7889716  0.24238585 0.29070573 0.47813705 0.63491243 0.18083266]
 ...
 [0.24601484 0.99676375 0.84519071 0.86634608 0.55722852 0.66925841]
 [0.80287552 0.66939249 0.59057139 0.55292762 0.0243927  0.54822776]
 [0.93846889 0.72080584 0.29280901 0.31507833 0.86911995 0.69010695]]"
LDA,13,0.7124586673287737,0.4934344578025666,0.493730407523511,0.13648293963254593,0.28258967629046366,0.854489682097044,0.5289256198347108,0.48484848484848486,0.5818181818181818,0.7269565982921031,0.44970414201183434,0.4,0.5135135135135135,0.6433313574392412,0.48727272727272725,0.4962962962962963,0.4785714285714286,0.6867480916030533,0.5078125,0.52,0.4961832061068702,0.6730175395256918,0.5132075471698113,0.49635036496350365,0.53125,0.6902087350155085,0.47368421052631576,0.40540540540540543,0.569620253164557,"[[0.55235176 0.68505386 0.09786493 0.33175903 0.74101745 0.70394974]
 [0.37066597 0.22836972 0.50914081 0.15878889 0.60835903 0.91782081]
 [0.44173354 0.45233633 0.33356902 0.68568673 0.26803745 0.10365893]
 ...
 [0.27136313 0.98804718 0.95702    0.91134602 0.62530776 0.49946293]
 [0.85428889 0.75237042 0.78200685 0.75334244 0.04817021 0.53236947]
 [0.93834866 0.36920591 0.40237988 0.03029643 0.84304847 0.5714159 ]]"
LDA,14,0.7021054283059905,0.48463850310538087,0.49492583918813426,0.13385826771653545,0.28302712160979876,0.7860568878973787,0.43548387096774194,0.391304347826087,0.4909090909090909,0.7224227484813804,0.45121951219512196,0.4111111111111111,0.5,0.6265560165975104,0.4982698961937716,0.48322147651006714,0.5142857142857142,0.6816183206106871,0.5384615384615384,0.5426356589147286,0.5343511450381679,0.6906805830039525,0.5298507462686567,0.5071428571428571,0.5546875,0.705298013245033,0.45454545454545453,0.41237113402061853,0.5063291139240507,"[[0.31307006 0.84025151 0.20670287 0.41947264 0.73637215 0.77278204]
 [0.41472213 0.39925422 0.51395647 0.25420569 0.65064845 0.8264964 ]
 [0.48329806 0.30415058 0.39376856 0.70114431 0.41325706 0.13420722]
 ...
 [0.28216599 0.96503746 0.90544695 0.72977005 0.57865202 0.55542639]
 [0.86041266 0.87068814 0.73457947 0.76513823 0.03845061 0.56719569]
 [0.94589235 0.71112938 0.37416107 0.02650882 0.82220143 0.21201473]]"
LDA,15,0.7005068700043973,0.4692122738761155,0.4713275726630008,0.10761154855643044,0.29440069991251094,0.8229782487451199,0.47540983606557374,0.43283582089552236,0.5272727272727272,0.7329430407606304,0.4725274725274725,0.39814814814814814,0.581081081081081,0.6254742145820984,0.4676258992805755,0.47101449275362317,0.4642857142857143,0.6611297709923664,0.47761194029850745,0.46715328467153283,0.48854961832061067,0.6675827569169961,0.49606299212598426,0.5,0.4921875,0.6929331880291726,0.4260355029585799,0.4,0.45569620253164556,"[[0.33010253 0.72170999 0.30737832 0.60856478 0.73355107 0.76970145]
 [0.37989342 0.2903278  0.64091908 0.30473147 0.52730356 0.78505761]
 [0.43720452 0.20035512 0.38707178 0.39007497 0.29875728 0.15631649]
 ...
 [0.30557341 0.96084732 0.92591532 0.81353167 0.62465702 0.49588094]
 [0.92106647 0.90650488 0.65066001 0.85853195 0.04437974 0.46728558]
 [0.80658732 0.42561732 0.21857232 0.02011312 0.9397844  0.52268129]]"
LDA,16,0.7117927660446526,0.4780103976393408,0.4838455476753349,0.13648293963254593,0.28652668416447946,0.8063301728945901,0.45,0.4153846153846154,0.4909090909090909,0.7435073509992076,0.45901639344262296,0.3853211009174312,0.5675675675675675,0.6536455245998815,0.5106382978723404,0.5070422535211268,0.5142857142857142,0.6913282442748092,0.4634146341463415,0.4956521739130435,0.4351145038167939,0.6789463932806324,0.5190839694656488,0.5074626865671642,0.53125,0.6969989102187946,0.4659090909090909,0.422680412371134,0.5189873417721519,"[[0.55363223 0.79313142 0.15072375 0.55917016 0.69796383 0.51017831]
 [0.33705949 0.20900739 0.58318746 0.40951906 0.50358565 0.76166078]
 [0.44597291 0.2139542  0.24360358 0.62057719 0.19895128 0.05335801]
 ...
 [0.37944998 0.99131716 0.94436127 0.87198968 0.53976477 0.37253868]
 [0.86660864 0.84136696 0.58028449 0.79126742 0.05700986 0.50780138]
 [0.7696189  0.45883561 0.52302856 0.15723775 0.90251054 0.49239525]]"
LDA,17,0.6993387775843937,0.47376448192174075,0.477751756440281,0.11811023622047244,0.2926509186351706,0.8198549916341328,0.4566929133858268,0.4027777777777778,0.5272727272727272,0.7055198520996566,0.4385026737967914,0.36283185840707965,0.5540540540540541,0.6323355068168346,0.48,0.4888888888888889,0.4714285714285714,0.6923664122137403,0.5039370078740157,0.5203252032520326,0.48854961832061067,0.6553699357707511,0.49606299212598426,0.5,0.4921875,0.6905859669712465,0.4673913043478261,0.4095238095238095,0.5443037974683544,"[[0.63888486 0.78381736 0.20038232 0.63225277 0.53527812 0.60557478]
 [0.4190318  0.31237735 0.6506419  0.15536249 0.22000318 0.70890784]
 [0.71400888 0.24448156 0.22225052 0.49746323 0.34528199 0.09099846]
 ...
 [0.18653274 0.97792201 0.94129684 0.89148337 0.673615   0.60612468]
 [0.8815256  0.74604146 0.66467583 0.78897042 0.02495808 0.61595302]
 [0.89503722 0.51181697 0.23280095 0.06701461 0.94406329 0.6158218 ]]"
QDA,13,0.6903802747674691,0.47209696337681023,0.47512991833704527,0.11811023622047244,0.3092738407699038,0.8120468488566648,0.46153846153846156,0.4,0.5454545454545454,0.7233911435865834,0.41935483870967744,0.3482142857142857,0.527027027027027,0.6184943687018376,0.47719298245614034,0.4689655172413793,0.4857142857142857,0.6235419847328245,0.45390070921985815,0.423841059602649,0.48854961832061067,0.6637845849802371,0.5232974910394266,0.48344370860927155,0.5703125,0.7010227177466678,0.4972972972972973,0.4339622641509434,0.5822784810126582,"[[0.76506142 0.60611577 0.12605052 0.52657394 0.51130687 0.80626793]
 [0.30585386 0.4782507  0.17518422 0.08882349 0.68112965 0.67116873]
 [0.48427723 0.47100075 0.12767088 0.73954994 0.7739198  0.26240346]
 ...
 [0.4342465  0.99038633 0.9005973  0.85758816 0.08429147 0.42975516]
 [0.79515486 0.81203141 0.55653063 0.41926945 0.33337045 0.78437353]
 [0.59820851 0.35138931 0.10015558 0.0280067  0.9592653  0.60968792]]"
QDA,14,0.6755101318748883,0.4615711476584831,0.467438494934877,0.09448818897637795,0.3219597550306212,0.7697155605131065,0.4460431654676259,0.36904761904761907,0.5636363636363636,0.6798573818117792,0.4215686274509804,0.33076923076923076,0.581081081081081,0.5991997628927089,0.48135593220338985,0.45806451612903226,0.5071428571428571,0.6508091603053435,0.5068493150684932,0.45962732919254656,0.5648854961832062,0.6661623023715415,0.4806201550387597,0.47692307692307695,0.484375,0.6873166233548496,0.4329896907216495,0.3652173913043478,0.5316455696202531,"[[0.79251941 0.74339251 0.21964384 0.62322941 0.33116543 0.81340744]
 [0.53641043 0.45137321 0.35755693 0.14578174 0.83182314 0.52760675]
 [0.31772672 0.3018099  0.24749325 0.50390177 0.8410507  0.34194071]
 ...
 [0.67569801 0.96065026 0.72390416 0.80851567 0.08253424 0.69460852]
 [0.91610287 0.91748773 0.47274843 0.41799303 0.22382981 0.78004478]
 [0.59111526 0.4781914  0.04314067 0.00644186 0.88501416 0.26570037]]"
QDA,15,0.6670527362748979,0.4447304620988832,0.4548736462093863,0.09448818897637795,0.33027121609798776,0.7784718349135527,0.40789473684210525,0.31958762886597936,0.5636363636363636,0.6861959679549257,0.4326923076923077,0.3358208955223881,0.6081081081081081,0.6199762892708951,0.4797297297297297,0.4551282051282051,0.5071428571428571,0.6243053435114504,0.4861111111111111,0.445859872611465,0.5343511450381679,0.6508152173913043,0.49624060150375937,0.4782608695652174,0.515625,0.6425517646072596,0.3657142857142857,0.3333333333333333,0.4050632911392405,"[[0.76040035 0.74171603 0.24451938 0.66539328 0.49041895 0.86342025]
 [0.5560156  0.51240509 0.282461   0.47682356 0.74547013 0.77290831]
 [0.34897245 0.2646521  0.34129153 0.25568274 0.61005273 0.23504196]
 ...
 [0.7101254  0.96853408 0.90884162 0.75447456 0.08727911 0.23212845]
 [0.66066481 0.67160169 0.27498931 0.47055094 0.20053395 0.66831347]
 [0.45600798 0.67214114 0.08696955 0.02422982 0.96313785 0.27897998]]"
QDA,16,0.6877207700746476,0.47040421759292017,0.47410649161196206,0.12073490813648294,0.31539807524059493,0.7882877858337981,0.4492753623188406,0.37349397590361444,0.5636363636363636,0.7068844088388063,0.41509433962264153,0.3188405797101449,0.5945945945945946,0.613529934795495,0.5017182130584192,0.48344370860927155,0.5214285714285715,0.6361832061068703,0.45985401459854014,0.4405594405594406,0.48091603053435117,0.6595849802371541,0.5073529411764706,0.4791666666666667,0.5390625,0.7218543046357616,0.4891304347826087,0.42857142857142855,0.569620253164557,"[[0.85967464 0.81122952 0.15152106 0.6338778  0.47844463 0.71189991]
 [0.41346678 0.66630956 0.34036628 0.16048228 0.68163621 0.52966306]
 [0.21284207 0.24227328 0.40105634 0.65312202 0.84056012 0.20951863]
 ...
 [0.55740466 0.99425725 0.91510667 0.90339503 0.03716974 0.30220665]
 [0.74715464 0.77854384 0.23159154 0.40392853 0.34618834 0.87081164]
 [0.43705175 0.67304379 0.05028853 0.08347727 0.9315926  0.33667654]]"
QDA,17,0.6667793414386401,0.4439961622767427,0.44835164835164837,0.09186351706036745,0.3293963254593176,0.7907417735638596,0.43661971830985913,0.3563218390804598,0.5636363636363636,0.7029007835196761,0.40384615384615385,0.31343283582089554,0.5675675675675675,0.574303497332543,0.4697508896797153,0.46808510638297873,0.4714285714285714,0.6508091603053435,0.48028673835125446,0.4527027027027027,0.5114503816793893,0.6178668478260869,0.45185185185185184,0.4295774647887324,0.4765625,0.6640539860843323,0.42162162162162165,0.36792452830188677,0.4936708860759494,"[[0.76980454 0.63238948 0.07356502 0.63806857 0.34879563 0.782893  ]
 [0.53542973 0.39756935 0.43917066 0.17211765 0.6047526  0.69106   ]
 [0.51947343 0.55984969 0.28203288 0.57193333 0.64201563 0.34014985]
 ...
 [0.57100882 0.9900078  0.84278896 0.58155634 0.2145791  0.42212931]
 [0.87978405 0.56551497 0.39340877 0.52443015 0.16790874 0.78999748]
 [0.7202058  0.49664214 0.17807129 0.1437645  0.90184057 0.63568562]]"
CalibratedSVC,13,0.7253628441473072,0.5183041680977326,0.5255474452554745,0.1679790026246719,0.2559055118110236,0.8521472392638036,0.5046728971962616,0.5192307692307693,0.4909090909090909,0.727550840743023,0.4645161290322581,0.4444444444444444,0.4864864864864865,0.6510373443983403,0.5223367697594502,0.5033112582781457,0.5428571428571428,0.6981068702290076,0.512,0.5378151260504201,0.48854961832061067,0.7094861660079052,0.6062992125984252,0.6111111111111112,0.6015625,0.7138486042417638,0.5,0.4536082474226804,0.5569620253164557,"[[0.58490745 0.72446022 0.0777285  0.36957669 0.78088958 0.65319065]
 [0.53419594 0.10834304 0.55424469 0.11065223 0.32863622 0.81728065]
 [0.50687153 0.2560634  0.46226612 0.40675562 0.34529605 0.22175498]
 ...
 [0.26883833 0.98266108 0.96640443 0.8629059  0.3852923  0.65262137]
 [0.84576613 0.72471214 0.69406355 0.57390127 0.08565774 0.44926776]
 [0.98300816 0.47930632 0.40298965 0.16070979 0.80915669 0.18761065]]"
CalibratedSVC,14,0.7284717009902607,0.513653594547385,0.5115907274180655,0.15748031496062992,0.2672790901137358,0.8457334076965979,0.5714285714285714,0.5614035087719298,0.5818181818181818,0.7385333215952108,0.4523809523809524,0.40425531914893614,0.5135135135135135,0.6285417901600474,0.4879725085910653,0.47019867549668876,0.5071428571428571,0.7078167938931298,0.512,0.5378151260504201,0.48854961832061067,0.7192131916996047,0.5581395348837209,0.5538461538461539,0.5625,0.7309917008969737,0.5,0.46236559139784944,0.5443037974683544,"[[0.53124132 0.87248341 0.06244511 0.47211906 0.64523022 0.58273405]
 [0.47527329 0.21346429 0.32687346 0.16652677 0.4795826  0.66193529]
 [0.43476976 0.14069733 0.51738831 0.60662102 0.4347848  0.10540844]
 ...
 [0.13699587 0.95822575 0.89940577 0.75384794 0.4621054  0.28124667]
 [0.77429403 0.53074953 0.66405126 0.63312627 0.10158008 0.41171394]
 [0.97727403 0.52213364 0.63761826 0.12496776 0.87008877 0.07540699]]"
CalibratedSVC,15,0.7223719573066262,0.511365038471505,0.5036086607858862,0.12860892388451445,0.27077865266841644,0.8530117122141662,0.6071428571428571,0.5964912280701754,0.6181818181818182,0.7696540188396865,0.46153846153846156,0.4105263157894737,0.527027027027027,0.6313278008298755,0.45517241379310347,0.44,0.4714285714285714,0.694442748091603,0.5263157894736842,0.5185185185185185,0.5343511450381679,0.6911437747035573,0.5241935483870968,0.5416666666666666,0.5078125,0.6946516891608684,0.49382716049382713,0.4819277108433735,0.5063291139240507,"[[0.62757961 0.89281679 0.09863971 0.74547662 0.78530742 0.66799527]
 [0.59361386 0.13679719 0.52823369 0.29693831 0.45193001 0.64717664]
 [0.32430874 0.13310873 0.50785838 0.52282533 0.55255365 0.07542966]
 ...
 [0.21106957 0.98094149 0.88782713 0.6807042  0.55253204 0.66861851]
 [0.8151689  0.76658268 0.66447727 0.67540564 0.07756512 0.357409  ]
 [0.8900577  0.50157752 0.35166656 0.19545293 0.94512189 0.16499316]]"
CalibratedSVC,16,0.7262586405713275,0.5139969504640817,0.519059205190592,0.17585301837270342,0.2594050743657043,0.8186837702175125,0.5,0.5094339622641509,0.4909090909090909,0.7609824808521877,0.49032258064516127,0.4691358024691358,0.5135135135135135,0.6435388263189092,0.5136986301369864,0.4934210526315789,0.5357142857142857,0.7109923664122137,0.5369649805447471,0.5476190476190477,0.5267175572519084,0.6973505434782608,0.5490196078431373,0.5511811023622047,0.546875,0.726003856148881,0.4939759036144578,0.47126436781609193,0.5189873417721519,"[[0.72347116 0.82892174 0.03996325 0.73479137 0.86308039 0.38754082]
 [0.4746016  0.21346833 0.43154055 0.33638897 0.32490421 0.59888424]
 [0.19475879 0.12247499 0.49727749 0.71769954 0.49237375 0.05119503]
 ...
 [0.214553   0.99224041 0.92466421 0.85402258 0.25560634 0.42110809]
 [0.73619292 0.67733992 0.72380772 0.73768964 0.04585151 0.31748166]
 [0.86881959 0.42210677 0.46641478 0.29270839 0.83431186 0.09087994]]"
CalibratedSVC,17,0.7204931629238484,0.5009489572925311,0.5012165450121655,0.16272965879265092,0.2690288713910761,0.8438929168990518,0.543859649122807,0.5254237288135594,0.5636363636363636,0.7498019191830266,0.4819277108433735,0.43478260869565216,0.5405405405405406,0.6212951985773563,0.4693140794223827,0.4744525547445255,0.4642857142857143,0.7117251908396947,0.5214007782101168,0.5317460317460317,0.5114503816793893,0.7015501482213439,0.5447470817120622,0.5426356589147286,0.546875,0.6946936038226171,0.4444444444444444,0.43373493975903615,0.45569620253164556,"[[0.70139741 0.78186933 0.1159002  0.71150634 0.62718706 0.50313364]
 [0.54095226 0.24847931 0.64651735 0.09168657 0.18935191 0.734747  ]
 [0.5584961  0.1088608  0.20533587 0.44198964 0.57522637 0.0928914 ]
 ...
 [0.26624669 0.95786437 0.93703804 0.8782917  0.60555168 0.64211728]
 [0.7500993  0.64608444 0.55667138 0.72730963 0.07084003 0.51306952]
 [0.96043718 0.50957229 0.26667861 0.16958719 0.90890184 0.32198473]]"
majority-level,13,,0.08957133717210493,0.2834008097165992,0.14960629921259844,0.30971128608923887,,0.0,,,,0.0,,,,0.5374280230326296,,,,0.0,,,,0.0,,,,0.0,,,
freq-random,13,,0.27734726325246656,0.29900332225913623,0.06036745406824147,0.36920384951881013,,0.14953271028037382,,,,0.2597402597402597,,,,0.34782608695652173,,,,0.3474903474903475,,,,0.3305785123966942,,,,0.2289156626506024,,,
freq-random,14,,0.2773476158866453,0.30431244914564687,0.047244094488188976,0.37401574803149606,,0.125,,,,0.2585034013605442,,,,0.36981132075471695,,,,0.38235294117647056,,,,0.3104693140794224,,,,0.21794871794871795,,,
freq-random,15,,0.276660291352497,0.3051948051948052,0.015748031496062992,0.37445319335083116,,0.11764705882352941,,,,0.3037974683544304,,,,0.38235294117647056,,,,0.4,,,,0.30522088353413657,,,,0.1509433962264151,,,
freq-random,16,,0.2665369260384508,0.28738512949039263,0.05774278215223097,0.3731408573928259,,0.1864406779661017,,,,0.18543046357615894,,,,0.299625468164794,,,,0.39183673469387753,,,,0.3346303501945525,,,,0.20125786163522014,,,
freq-random,17,,0.25804930658863073,0.28760330578512394,0.031496062992125984,0.37707786526684167,,0.1,,,,0.21621621621621623,,,,0.40714285714285714,,,,0.3035019455252918,,,,0.2992125984251969,,,,0.2222222222222222,,,
