original,normalized_lemma,action,merged_into_or_core
abandon,abandon,kept,
abbreviate,abbreviate,kept,
abet,abet,kept,
abide,abide,kept,
ablate,ablate,kept,
abort,abort,kept,
abound,abound,kept,
absorb,absorb,kept,
abut,abut,kept,
accelerate,accelerate,kept,
accentuate,accentuate,kept,
accept,accept,dropped-core-leak,accept
accommodate,accommodate,kept,
accompany,accompany,kept,
accomplish,accomplish,kept,
accounting,account,lemmatized,
accrue,accrue,kept,
accumulate,accumulate,kept,
accustom,accustom,kept,
achieve,achieve,kept,
acidify,acidify,kept,
acknowledge,acknowledge,kept,
acquaint,acquaint,kept,
acquainted,acquaint,merged-duplicate,acquaint
acting,act,dropped-core-leak,act
activate,activate,kept,
actualize,actualize,kept,
actuate,actuate,kept,
adapted,adapt,dropped-core-leak,adapt
adding,add,dropped-core-leak,add
address,address,kept,
adhere,adhere,kept,
adjoin,adjoin,kept,
adjudicate,adjudicate,kept,
adjust,adjust,kept,
administrate,administrate,kept,
admire,admire,kept,
admit,admit,kept,
adopt,adopt,kept,
adsorb,adsorb,kept,
advect,advect,kept,
advertise,advertise,kept,
advocate,advocate,kept,
aerate,aerate,kept,
affect,affect,kept,
affirm,affirm,kept,
affix,affix,kept,
afford,afford,kept,
aggravate,aggravate,kept,
aggregate,aggregate,kept,
agitate,agitate,kept,
agonizing,agonize,lemmatized,
agree,agree,kept,
aim,aim,kept,
align,align,kept,
aligned,align,merged-duplicate,align
alleviate,alleviate,kept,
allot,allot,kept,
allude,allude,kept,
alter,alter,kept,
alternate,alternate,kept,
ameliorate,ameliorate,kept,
amortize,amortize,kept,
amplify,amplify,kept,
analogize,analogize,kept,
analyse,analyze,dropped-core-leak,analyze
anneal,anneal,kept,
annihilate,annihilate,kept,
annotate,annotate,kept,
announce,announce,kept,
anodize,anodize,kept,
answer,answer,kept,
antagonize,antagonize,kept,
apologize,apologize,kept,
appeal,appeal,kept,
appear,appear,kept,
append,append,kept,
applied,apply,dropped-core-leak,apply
appoint,appoint,kept,
apportion,apportion,kept,
appreciate,appreciate,kept,
apprehend,apprehend,kept,
approach,approach,kept,
appropriate,appropriate,kept,
approve,approve,kept,
arise,arise,kept,
arouse,arouse,kept,
array,array,kept,
arrest,arrest,kept,
arrive,arrive,kept,
ascend,ascend,kept,
ascribe,ascribe,kept,
ask,ask,kept,
aspirate,aspirate,kept,
aspire,aspire,kept,
assert,assert,kept,
assimilate,assimilate,kept,
assist,assist,kept,
associated,associate,dropped-core-leak,associate
assume,assume,kept,
assure,assure,kept,
astonished,astonish,lemmatized,
ate,eat,lemmatized,
atomize,atomize,kept,
attack,attack,kept,
attempt,attempt,kept,
attend,attend,kept,
attenuate,attenuate,kept,
attest,attest,kept,
attract,attract,kept,
attribute,attribute,kept,
augment,augment,kept,
authorize,authorize,kept,
autoclave,autoclave,kept,
automate,automate,kept,
automatize,automatize,kept,
avail,avail,kept,
averaging,average,lemmatized,
avert,avert,kept,
await,await,kept,
backscatter,backscatter,kept,
bail,bail,kept,
bake,bake,kept,
balancing,balance,lemmatized,
based,base,lemmatized,
bate,bate,kept,
bathe,bathe,kept,
be,be,dropped-auxiliary,
bear,bear,kept,
beat,beat,kept,
beautify,beautify,kept,
become,become,kept,
bedding,bed,lemmatized,
beg,beg,kept,
begin,begin,kept,
beginning,begin,merged-duplicate,begin
behave,behave,kept,
behold,behold,kept,
behoove,behoove,kept,
believe,believe,kept,
belong,belong,kept,
bend,bend,kept,
bending,bend,merged-duplicate,bend
benefit,benefit,kept,
bet,bet,kept,
bevel,bevel,kept,
bias,bias,kept,
bicycling,bicycle,lemmatized,
bind,bind,kept,
biodegrade,biodegrade,kept,
bisect,bisect,kept,
blacklist,blacklist,kept,
blame,blame,kept,
blend,blend,kept,
bless,bless,kept,
blink,blink,kept,
bloat,bloat,kept,
block,block,kept,
blossoming,blossom,lemmatized,
blow,blow,kept,
blur,blur,kept,
blurring,blur,merged-duplicate,blur
boast,boast,kept,
boil,boil,kept,
bolster,bolster,kept,
boost,boost,kept,
boring,bore,lemmatized,
borne,bear,merged-duplicate,bear
borrow,borrow,kept,
borrowing,borrow,merged-duplicate,borrow
bother,bother,kept,
bounce,bounce,kept,
bound,bind,merged-duplicate,bind
bow,bow,kept,
brainstorm,brainstorm,kept,
break,break,kept,
breathe,breathe,kept,
brighten,brighten,kept,
bring,bring,kept,
broadcast,broadcast,kept,
broaden,broaden,kept,
brominate,brominate,kept,
broom,broom,kept,
browse,browse,kept,
buckle,buckle,kept,
buffer,buffer,kept,
burgeon,burgeon,kept,
burn,burn,kept,
burrow,burrow,kept,
burst,burst,kept,
bury,bury,kept,
buy,buy,kept,
bypass,bypass,kept,
cache,cache,kept,
calibrate,calibrate,kept,
call,call,kept,
calling,call,merged-duplicate,call
came,come,lemmatized,
camouflage,camouflage,kept,
cancel,cancel,kept,
cant,cant,kept,
capitalise,capitalize,kept+spelling,
capitalize,capitalize,merged-duplicate,capitalise
carboxylate,carboxylate,kept,
care,care,kept,
carry,carry,kept,
carve,carve,kept,
cast,cast,kept,
catalyse,catalyze,kept+spelling,
catalyze,catalyze,merged-duplicate,catalyse
catch,catch,kept,
catching,catch,merged-duplicate,catch
categorise,categorize,dropped-core-leak,categorize
cater,cater,kept,
cause,cause,kept,
caused,cause,merged-duplicate,cause
caution,caution,kept,
cave,cave,kept,
cease,cease,kept,
cede,cede,kept,
celebrate,celebrate,kept,
censor,censor,kept,
centralize,centralize,kept,
centrifuge,centrifuge,kept,
certify,certify,kept,
chance,chance,kept,
channelize,channelize,kept,
characterise,characterize,dropped-core-leak,characterize
charge,charge,kept,
chase,chase,kept,
cheat,cheat,kept,
chill,chill,kept,
chisel,chisel,kept,
chlorinate,chlorinate,kept,
choke,choke,kept,
chose,choose,dropped-core-leak,choose
churn,churn,kept,
circularize,circularize,kept,
circulate,circulate,kept,
circumscribe,circumscribe,kept,
circumvent,circumvent,kept,
claim,claim,kept,
clamped,clamp,lemmatized,
clap,clap,kept,
clash,clash,kept,
cleave,cleave,kept,
click,click,kept,
climb,climb,kept,
cling,cling,kept,
cloak,cloak,kept,
clobber,clobber,kept,
clock,clock,kept,
clog,clog,kept,
close,close,kept,
clump,clump,kept,
co-occur,co-occur,kept,
coalesce,coalesce,kept,
coarsen,coarsen,kept,
codify,codify,kept,
coexist,coexist,kept,
cogitate,cogitate,kept,
coincide,coincide,kept,
collapse,collapse,kept,
collate,collate,kept,
collide,collide,kept,
collimate,collimate,kept,
collocate,collocate,kept,
colorize,colorize,kept,
comb,comb,kept,
combust,combust,kept,
come,come,merged-duplicate,came
commence,commence,kept,
commend,commend,kept,
comment,comment,kept,
commercialize,commercialize,kept,
commit,commit,kept,
commute,commute,kept,
comparing,compare,dropped-core-leak,compare
compartmentalize,compartmentalize,kept,
compel,compel,kept,
compensate,compensate,kept,
compete,compete,kept,
competing,compete,merged-duplicate,compete
complain,complain,kept,
complement,complement,kept,
complicate,complicate,kept,
comprehend,comprehend,kept,
compress,compress,kept,
comprise,comprise,kept,
compromise,compromise,kept,
computerize,computerize,kept,
computing,compute,dropped-core-leak,compute
con,con,kept,
conceal,conceal,kept,
conceive,conceive,kept,
concentrate,concentrate,kept,
conceptualize,conceptualize,kept,
concluding,conclude,dropped-core-leak,conclude
condense,condense,kept,
conduce,conduce,kept,
confer,confer,kept,
configure,configure,kept,
confine,confine,kept,
conform,conform,kept,
confound,confound,kept,
confront,confront,kept,
confuse,confuse,kept,
confusing,confuse,merged-duplicate,confuse
congested,congest,lemmatized,
congregate,congregate,kept,
conjoin,conjoin,kept,
conjugate,conjugate,kept,
conjure,conjure,kept,
connote,connote,kept,
conserve,conserve,kept,
consist,consist,kept,
constitute,constitute,kept,
constrain,constrain,kept,
constrict,constrict,kept,
construe,construe,kept,
consume,consume,kept,
contain,contain,kept,
containerize,containerize,kept,
contaminate,contaminate,kept,
contemplate,contemplate,kept,
contend,contend,kept,
continue,continue,kept,
contradict,contradict,kept,
contrive,contrive,kept,
convect,convect,kept,
convene,convene,kept,
converge,converge,kept,
convolve,convolve,kept,
cook,cook,kept,
cooperate,cooperate,kept,
copying,copy,dropped-core-leak,copy
corner,corner,kept,
correct,correct,kept,
corresponding,correspond,dropped-core-leak,correspond
corrode,corrode,kept,
counteract,counteract,kept,
counterbalance,counterbalance,kept,
cover,cover,kept,
crack,crack,kept,
crawl,crawl,kept,
creep,creep,kept,
crowd,crowd,kept,
crumble,crumble,kept,
crumple,crumple,kept,
crush,crush,kept,
cry,cry,kept,
crystallize,crystallize,kept,
cull,cull,kept,
culminate,culminate,kept,
curtail,curtail,kept,
cuss,cuss,kept,
customise,customize,dropped-core-leak,customize
cut,cut,kept,
damage,damage,kept,
damp,damp,kept,
dangle,dangle,kept,
dare,dare,kept,
darken,darken,kept,
de-emphasize,de-emphasize,kept,
deactivate,deactivate,kept,
deal,deal,kept,
debunk,debunk,kept,
decarboxylate,decarboxylate,kept,
deceive,deceive,kept,
decelerate,decelerate,kept,
decentralize,decentralize,kept,
decimate,decimate,kept,
decipher,decipher,kept,
decking,deck,lemmatized,
declare,declare,kept,
decline,decline,kept,
decode,decode,kept,
decoding,decode,merged-duplicate,decode
decompose,decompose,kept,
deconstruct,deconstruct,kept,
decorate,decorate,kept,
decouple,decouple,kept,
decrease,decrease,kept,
decrypt,decrypt,kept,
dedicate,dedicate,kept,
deduct,deduct,kept,
deem,deem,kept,
deepen,deepen,kept,
deepening,deepen,merged-duplicate,deepen
default,default,kept,
defeat,defeat,kept,
defect,defect,kept,
defer,defer,kept,
define,define,dropped-core-leak,define
defining,define,dropped-core-leak,define
deflate,deflate,kept,
deflect,deflect,kept,
deform,deform,kept,
defy,defy,kept,
degenerate,degenerate,kept,
degrade,degrade,kept,
deionize,deionize,kept,
delay,delay,kept,
delete,delete,kept,
delimit,delimit,kept,
delineate,delineate,kept,
delve,delve,kept,
demagnetize,demagnetize,kept,
demand,demand,kept,
demarcate,demarcate,kept,
demodulate,demodulate,kept,
demolish,demolish,kept,
demoralise,demoralise,kept,
demystify,demystify,kept,
denote,denote,kept,
depart,depart,kept,
depend,depend,kept,
deplete,deplete,kept,
deploy,deploy,kept,
depress,depress,kept,
deprive,deprive,kept,
derate,derate,kept,
deregulate,deregulate,kept,
derived,derive,dropped-core-leak,derive
descend,descend,kept,
deserve,deserve,kept,
desiccate,desiccate,kept,
designate,designate,kept,
desired,desire,lemmatized,
destabilize,destabilize,kept,
destine,destine,kept,
destroy,destroy,kept,
detach,detach,kept,
detecting,detect,dropped-core-leak,detect
deter,deter,kept,
deteriorate,deteriorate,kept,
determine,determine,dropped-core-leak,determine
detonate,detonate,kept,
detract,detract,kept,
devastate,devastate,kept,
devastating,devastate,merged-duplicate,devastate
develop,develop,dropped-core-leak,develop
deviate,deviate,kept,
devote,devote,kept,
diagonalize,diagonalize,kept,
die,die,kept,
differ,differ,kept,
diffract,diffract,kept,
diffuse,diffuse,kept,
dig,dig,kept,
digest,digest,kept,
digitize,digitize,kept,
dilate,dilate,kept,
dilute,dilute,kept,
dip,dip,kept,
disable,disable,kept,
disagree,disagree,kept,
disallow,disallow,kept,
disambiguate,disambiguate,kept,
disappear,disappear,kept,
disappoint,disappoint,kept,
disassemble,disassemble,kept,
disassociate,disassociate,kept,
discard,discard,kept,
discern,discern,kept,
disciplined,discipline,lemmatized,
disclose,disclose,kept,
discolor,discolor,kept,
disconnect,disconnect,kept,
discontinue,discontinue,kept,
discount,discount,kept,
discourage,discourage,kept,
disenfranchise,disenfranchise,kept,
disengage,disengage,kept,
disentangle,disentangle,kept,
disfigure,disfigure,kept,
disguise,disguise,kept,
disintegrate,disintegrate,kept,
dislodge,dislodge,kept,
dismantle,dismantle,kept,
dismay,dismay,kept,
dismiss,dismiss,kept,
disparage,disparage,kept,
dispatch,dispatch,kept,
dispel,dispel,kept,
dispense,dispense,kept,
disperse,disperse,kept,
displace,displace,kept,
display,display,kept,
dispose,dispose,kept,
disprove,disprove,kept,
dispute,dispute,kept,
disrupt,disrupt,kept,
disseminate,disseminate,kept,
dissipate,dissipate,kept,
dissociate,dissociate,kept,
dissolve,dissolve,kept,
dissuade,dissuade,kept,
distil,distil,kept,
distill,distill,kept,
distort,distort,kept,
distorted,distort,merged-duplicate,distort
distract,distract,kept,
distribute,distribute,kept,
disturb,disturb,kept,
disturbing,disturb,merged-duplicate,disturb
dive,dive,kept,
diverge,diverge,kept,
diversify,diversify,kept,
divert,divert,kept,
diving,dive,merged-duplicate,dive
divulge,divulge,kept,
do,do,dropped-auxiliary,
dodge,dodge,kept,
domesticate,domesticate,kept,
dominate,dominate,kept,
donate,donate,kept,
done,do,dropped-auxiliary,
doubt,doubt,kept,
downgrade,downgrade,kept,
download,download,kept,
downsize,downsize,kept,
downsizing,downsize,merged-duplicate,downsize
doze,doze,kept,
draft,draft,kept,
drag,drag,kept,
drain,drain,kept,
drained,drain,merged-duplicate,drain
drawn,draw,dropped-core-leak,draw
dredge,dredge,kept,
dress,dress,kept,
drink,drink,kept,
drive,drive,kept,
driven,drive,merged-duplicate,drive
drop,drop,kept,
drown,drown,kept,
dry,dry,kept,
drying,dry,merged-duplicate,dry
dub,dub,kept,
dump,dump,kept,
dwell,dwell,kept,
dyed,dye,lemmatized,
earn,earn,kept,
ease,ease,kept,
eat,eat,merged-duplicate,ate
eavesdrop,eavesdrop,kept,
echo,echo,kept,
edged,edge,lemmatized,
educate,educate,kept,
eject,eject,kept,
elapse,elapse,kept,
elect,elect,kept,
elevate,elevate,kept,
elicit,elicit,kept,
eliminate,eliminate,kept,
elongate,elongate,kept,
elucidate,elucidate,kept,
elude,elude,kept,
elute,elute,kept,
emanate,emanate,kept,
embark,embark,kept,
embed,embed,kept,
embody,embody,kept,
embrace,embrace,kept,
emerge,emerge,kept,
emerging,emerge,merged-duplicate,emerge
emit,emit,kept,
empathize,empathize,kept,
emphasise,emphasize,kept+spelling,
emphasize,emphasize,merged-duplicate,emphasise
empower,empower,kept,
empowering,empower,merged-duplicate,empower
emulate,emulate,kept,
enable,enable,kept,
enact,enact,kept,
encapsulate,encapsulate,kept,
encase,encase,kept,
encircle,encircle,kept,
enclose,enclose,kept,
encode,encode,kept,
encompass,encompass,kept,
encounter,encounter,kept,
encourage,encourage,kept,
encrypt,encrypt,kept,
encumber,encumber,kept,
endanger,endanger,kept,
ended,end,lemmatized,
endow,endow,kept,
endure,endure,kept,
energize,energize,kept,
engage,engage,kept,
engender,engender,kept,
enjoin,enjoin,kept,
enjoy,enjoy,kept,
enlarge,enlarge,kept,
enlighten,enlighten,kept,
enlist,enlist,kept,
enrich,enrich,kept,
enroll,enroll,kept,
ensue,ensue,kept,
entail,entail,kept,
entangle,entangle,kept,
enter,enter,kept,
entertain,entertain,kept,
enthrall,enthrall,kept,
entice,entice,kept,
entitle,entitle,kept,
entrap,entrap,kept,
entrench,entrench,kept,
entrust,entrust,kept,
enunciate,enunciate,kept,
envelop,envelop,kept,
envisage,envisage,kept,
envision,envision,kept,
epitomize,epitomize,kept,
equalize,equalize,kept,
equate,equate,kept,
equilibrate,equilibrate,kept,
equip,equip,kept,
eradicate,eradicate,kept,
erase,erase,kept,
erect,erect,kept,
erode,erode,kept,
escalate,escalate,kept,
escape,escape,kept,
estimating,estimate,dropped-core-leak,estimate
etch,etch,kept,
evacuate,evacuate,kept,
evade,evade,kept,
evaluating,evaluate,dropped-core-leak,evaluate
evaporate,evaporate,kept,
evoke,evoke,kept,
evolve,evolve,kept,
exacerbate,exacerbate,kept,
exaggerate,exaggerate,kept,
excavate,excavate,kept,
exceed,exceed,kept,
excel,excel,kept,
excise,excise,kept,
excite,excite,kept,
exclude,exclude,kept,
exercising,exercise,dropped-core-leak,exercise
exert,exert,kept,
exfoliate,exfoliate,kept,
exhaust,exhaust,kept,
exhausting,exhaust,merged-duplicate,exhaust
exist,exist,kept,
expect,expect,kept,
expedite,expedite,kept,
expel,expel,kept,
expend,expend,kept,
expire,expire,kept,
explicate,explicate,kept,
explode,explode,kept,
exploit,exploit,kept,
express,express,dropped-core-leak,express
externalize,externalize,kept,
extrude,extrude,kept,
fabricate,fabricate,kept,
face,face,kept,
faced,face,merged-duplicate,face
facing,face,merged-duplicate,face
factorize,factorize,kept,
fade,fade,kept,
fail,fail,kept,
fall,fall,kept,
falsify,falsify,kept,
familiarise,familiarize,kept+spelling,
familiarize,familiarize,merged-duplicate,familiarise
fasten,fasten,kept,
fatten,fatten,kept,
fault,fault,kept,
favour,favour,kept,
fear,fear,kept,
feathering,feather,lemmatized,
feature,feature,kept,
feed,fee,lemmatized,
feel,feel,kept,
ferret,ferret,kept,
fertilize,fertilize,kept,
fetch,fetch,kept,
fetched,fetch,merged-duplicate,fetch
fight,fight,kept,
fill,fill,kept,
film,film,kept,
filter,filter,kept,
finalize,finalize,kept,
finish,finish,kept,
fix,fix,kept,
fixate,fixate,kept,
fizzle,fizzle,kept,
flank,flank,kept,
flash,flash,kept,
flatten,flatten,kept,
flatter,flatter,kept,
fledge,fledge,kept,
flee,flee,kept,
flex,flex,kept,
flicker,flicker,kept,
flip,flip,kept,
float,float,kept,
flocculate,flocculate,kept,
flourish,flourish,kept,
flow,flow,kept,
fluctuate,fluctuate,kept,
flutter,flutter,kept,
fly,fly,kept,
focused,focus,dropped-core-leak,focus
focuss,focus,dropped-core-leak,focus
fold,fold,kept,
forbid,forbid,kept,
forced,force,lemmatized,
forecasting,forecast,dropped-core-leak,forecast
forego,forego,kept,
foreground,foreground,kept,
foresee,foresee,kept,
foreshorten,foreshorten,kept,
forge,forge,kept,
forget,forget,kept,
forgo,forgo,kept,
form,form,kept,
formalise,formalize,kept+spelling,
formalize,formalize,merged-duplicate,formalise
formed,form,merged-duplicate,form
found,find,dropped-core-leak,find
fractionate,fractionate,kept,
framed,frame,dropped-core-leak,frame
freed,free,lemmatized,
freeze,freeze,kept,
frown,frown,kept,
frustrate,frustrate,kept,
fulfil,fulfil,kept,
fulfill,fulfill,kept,
furnish,furnish,kept,
galvanize,galvanize,kept,
gape,gape,kept,
gated,gate,lemmatized,
gauge,gauge,kept,
gaze,gaze,kept,
generalise,generalize,dropped-core-leak,generalize
generating,generate,dropped-core-leak,generate
get,get,kept,
giggle,giggle,kept,
given,give,dropped-core-leak,give
glaze,glaze,kept,
glean,glean,kept,
glide,glide,kept,
globalize,globalize,kept,
gloss,gloss,kept,
glow,glow,kept,
go,go,kept,
govern,govern,kept,
grab,grab,kept,
grant,grant,kept,
granulate,granulate,kept,
grapple,grapple,kept,
grasp,grasp,kept,
grate,grate,kept,
gravitate,gravitate,kept,
graze,graze,kept,
grind,grind,kept,
groove,groove,kept,
ground,grind,merged-duplicate,grind
grouping,group,dropped-core-leak,group
grout,grout,kept,
grow,grow,kept,
guarantee,guarantee,kept,
guard,guard,kept,
guess,guess,kept,
guided,guide,dropped-core-leak,guide
hallucinate,hallucinate,kept,
halt,halt,kept,
halve,halve,kept,
hamper,hamper,kept,
handcraft,handcraft,kept,
handicapped,handicap,lemmatized,
hang,hang,kept,
happen,happen,kept,
harbor,harbor,kept,
harden,harden,kept,
hark,hark,kept,
harm,harm,kept,
harmonise,harmonise,kept,
harness,harness,kept,
harvest,harvest,kept,
hate,hate,kept,
haunt,haunt,kept,
have,have,dropped-auxiliary,
heal,heal,kept,
hear,hear,kept,
heave,heave,kept,
heed,heed,kept,
heighten,heighten,kept,
held,hold,lemmatized,
help,help,kept,
hesitate,hesitate,kept,
hide,hide,kept,
highlight,highlight,kept,
hinder,hinder,kept,
hit,hit,kept,
hoist,hoist,kept,
hold,hold,merged-duplicate,held
holding,hold,merged-duplicate,held
homogenize,homogenize,kept,
hone,hone,kept,
hope,hope,kept,
hopping,hop,lemmatized,
humanize,humanize,kept,
humidify,humidify,kept,
hurt,hurt,kept,
hybridize,hybridize,kept,
hydrate,hydrate,kept,
hydrogenate,hydrogenate,kept,
hydrolyze,hydrolyze,kept,
hypothesise,hypothesize,dropped-core-leak,hypothesize
idealize,idealize,kept,
ideate,ideate,kept,
ignite,ignite,kept,
ignore,ignore,kept,
illuminate,illuminate,kept,
imbibe,imbibe,kept,
imbue,imbue,kept,
immerse,immerse,kept,
immobilize,immobilize,kept,
immunize,immunize,kept,
impair,impair,kept,
impart,impart,kept,
impede,impede,kept,
impend,impend,kept,
impinge,impinge,kept,
implicate,implicate,kept,
imply,imply,kept,
impose,impose,kept,
impregnate,impregnate,kept,
impress,impress,kept,
improving,improve,dropped-core-leak,improve
improvise,improvise,kept,
impute,impute,kept,
inactivate,inactivate,kept,
inaugurate,inaugurate,kept,
incise,incise,kept,
including,include,dropped-core-leak,include
incorporated,incorporate,dropped-core-leak,incorporate
increase,increase,kept,
increasing,increase,merged-duplicate,increase
incubate,incubate,kept,
inculcate,inculcate,kept,
incur,incur,kept,
indict,indict,kept,
induce,induce,kept,
industrialize,industrialize,kept,
infect,infect,kept,
inflame,inflame,kept,
inflate,inflate,kept,
infringe,infringe,kept,
infuse,infuse,kept,
ingest,ingest,kept,
ingrain,ingrain,kept,
inhabit,inhabit,kept,
inherit,inherit,kept,
inhibit,inhibit,kept,
initialise,initialize,kept+spelling,
initialize,initialize,merged-duplicate,initialise
inject,inject,kept,
injure,injure,kept,
innovate,innovate,kept,
inoculate,inoculate,kept,
input,input,kept,
inscribe,inscribe,kept,
insert,insert,kept,
insist,insist,kept,
inspire,inspire,kept,
install,install,kept,
instantiate,instantiate,kept,
instigate,instigate,kept,
instill,instill,kept,
institutionalize,institutionalize,kept,
institutionalizing,institutionalize,merged-duplicate,institutionalize
insulate,insulate,kept,
insure,insure,kept,
intend,intend,kept,
intensify,intensify,kept,
intercalate,intercalate,kept,
intercept,intercept,kept,
interchange,interchange,kept,
intercommunicate,intercommunicate,kept,
interconnect,interconnect,kept,
interfere,interfere,kept,
interject,interject,kept,
interlace,interlace,kept,
interleave,interleave,kept,
interlink,interlink,kept,
interlock,interlock,kept,
intermingle,intermingle,kept,
internalize,internalize,kept,
interpenetrate,interpenetrate,kept,
interpose,interpose,kept,
interrogate,interrogate,kept,
intersect,intersect,kept,
intersperse,intersperse,kept,
interstratify,interstratify,kept,
intertwine,intertwine,kept,
interweave,interweave,kept,
interwoven,interweave,merged-duplicate,interweave
intimidate,intimidate,kept,
introduce,introduce,kept,
inundate,inundate,kept,
invade,invade,kept,
invalidate,invalidate,kept,
invert,invert,kept,
invest,invest,kept,
invite,invite,kept,
invoke,invoke,kept,
involve,involve,kept,
ionize,ionize,kept,
irrigate,irrigate,kept,
is,be,dropped-auxiliary,
issue,issue,kept,
italicize,italicize,kept,
iterate,iterate,kept,
jeopardise,jeopardize,kept+spelling,
jeopardize,jeopardize,merged-duplicate,jeopardise
jump,jump,kept,
juxtapose,juxtapose,kept,
keep,keep,kept,
kick,kick,kept,
kill,kill,kept,
kink,kink,kept,
knead,knead,kept,
knit,knit,kept,
knitting,knit,merged-duplicate,knit
knock,knock,kept,
lag,lag,kept,
lain,lie,lemmatized,
laminate,laminate,kept,
latch,latch,kept,
laud,laud,kept,
launch,launch,kept,
lay,lay,kept,
leach,leach,kept,
lead,lead,kept,
learn,learn,kept,
learning,learn,merged-duplicate,learn
lease,lease,kept,
leave,leave,kept,
left,leave,merged-duplicate,leave
legitimize,legitimize,kept,
lend,lend,kept,
lengthen,lengthen,kept,
lessen,lessen,kept,
let,let,kept,
liberate,liberate,kept,
lie,lie,merged-duplicate,lain
lift,lift,kept,
ligate,ligate,kept,
liken,liken,kept,
limiting,limit,dropped-core-leak,limit
linearize,linearize,kept,
linked,link,dropped-core-leak,link
liquefy,liquefy,kept,
liquidize,liquidize,kept,
listen,listen,kept,
live,live,kept,
load,load,kept,
loaded,load,merged-duplicate,load
localise,localize,kept+spelling,
localize,localize,merged-duplicate,localise
lock,lock,kept,
locomote,locomote,kept,
look,look,kept,
loosen,loosen,kept,
lose,lose,kept,
love,love,kept,
lubricate,lubricate,kept,
lure,lure,kept,
lustrate,lustrate,kept,
magnetize,magnetize,kept,
magnify,magnify,kept,
mandate,mandate,kept,
manifest,manifest,kept,
manufacture,manufacture,kept,
map,map,kept,
marginalize,marginalize,kept,
marry,marry,kept,
marvel,marvel,kept,
mate,mate,kept,
materialise,materialize,kept+spelling,
materialize,materialize,merged-duplicate,materialise
mating,mat,lemmatized,
matter,matter,kept,
maximise,maximize,dropped-core-leak,maximize
mean,mean,kept,
means,mean,merged-duplicate,mean
mechanize,mechanize,kept,
meeting,meet,dropped-core-leak,meet
melt,melt,kept,
mend,mend,kept,
mention,mention,kept,
mentoring,mentor,lemmatized,
merge,merge,kept,
met,meet,dropped-core-leak,meet
metabolize,metabolize,kept,
migrate,migrate,kept,
mimic,mimic,kept,
mingle,mingle,kept,
miniaturize,miniaturize,kept,
minimise,minimize,dropped-core-leak,minimize
misalign,misalign,kept,
misidentify,misidentify,kept,
misjudge,misjudge,kept,
mislead,mislead,kept,
misrepresent,misrepresent,kept,
miss,miss,kept,
mitigate,mitigate,kept,
mitigating,mitigate,merged-duplicate,mitigate
mix,mix,kept,
mobilise,mobilize,kept+spelling,
mobilize,mobilize,merged-duplicate,mobilise
modulate,modulate,kept,
moisten,moisten,kept,
molding,mold,lemmatized,
monetize,monetize,kept,
morph,morph,kept,
motorize,motorize,kept,
mould,mould,kept,
move,move,kept,
mutate,mutate,kept,
nailing,nail,lemmatized,
narrate,narrate,kept,
navigate,navigate,kept,
necessitate,necessitate,kept,
need,need,kept,
negate,negate,kept,
neglect,neglect,kept,
neutralize,neutralize,kept,
nominate,nominate,kept,
normalise,normalize,kept+spelling,
normalize,normalize,merged-duplicate,normalise
notate,notate,kept,
note,note,kept,
notice,notice,kept,
notify,notify,kept,
nucleate,nucleate,kept,
nudge,nudge,kept,
nullify,nullify,kept,
nurture,nurture,kept,
obey,obey,kept,
obfuscate,obfuscate,kept,
object,object,kept,
oblige,oblige,kept,
obstruct,obstruct,kept,
obviate,obviate,kept,
occlude,occlude,kept,
occupy,occupy,kept,
occur,occur,kept,
offer,offer,kept,
offload,offload,kept,
offset,offset,kept,
omit,omit,kept,
open,open,kept,
operating,operate,dropped-core-leak,operate
oppose,oppose,kept,
opsonize,opsonize,kept,
opt,opt,kept,
optimise,optimize,dropped-core-leak,optimize
orchestrate,orchestrate,kept,
organise,organize,dropped-core-leak,organize
organised,organize,dropped-core-leak,organize
orient,orient,kept,
orientate,orientate,kept,
oscillate,oscillate,kept,
outlaw,outlaw,kept,
outnumber,outnumber,kept,
outpace,outpace,kept,
outperform,outperform,kept,
outsource,outsource,kept,
outstrip,outstrip,kept,
outweigh,outweigh,kept,
overarching,overarch,lemmatized,
overcame,overcome,lemmatized,
overcome,overcome,merged-duplicate,overcame
overcompensate,overcompensate,kept,
overemphasize,overemphasize,kept,
overestimate,overestimate,kept,
overexpose,overexpose,kept,
overflow,overflow,kept,
overhear,overhear,kept,
overlaid,overlay,lemmatized,
overlain,overlie,lemmatized,
overlap,overlap,kept,
overlapping,overlap,merged-duplicate,overlap
overlie,overlie,merged-duplicate,overlain
overload,overload,kept,
overlook,overlook,kept,
overproduce,overproduce,kept,
override,override,kept,
overrun,overrun,kept,
oversaw,oversee,lemmatized,
oversee,oversee,merged-duplicate,oversaw
overseen,oversee,merged-duplicate,oversaw
overshadow,overshadow,kept,
overshoot,overshoot,kept,
overstate,overstate,kept,
overstrain,overstrain,kept,
overstress,overstress,kept,
overtake,overtake,kept,
overturn,overturn,kept,
overwhelm,overwhelm,kept,
overwrite,overwrite,kept,
owe,owe,kept,
own,own,kept,
oxidize,oxidize,kept,
pack,pack,kept,
parallelize,parallelize,kept,
paralyse,paralyse,kept,
pare,pare,kept,
parse,parse,kept,
pass,pass,kept,
paste,paste,kept,
patch,patch,kept,
pause,pause,kept,
pave,pave,kept,
paved,pave,merged-duplicate,pave
pay,pay,kept,
peek,peek,kept,
peel,peel,kept,
peer,peer,kept,
penalize,penalize,kept,
penetrate,penetrate,kept,
perceive,perceive,kept,
percolate,percolate,kept,
perforate,perforate,kept,
perish,perish,kept,
permeate,permeate,kept,
permit,permit,kept,
permute,permute,kept,
perpetuate,perpetuate,kept,
persevere,persevere,kept,
persist,persist,kept,
persuade,persuade,kept,
pertain,pertain,kept,
perturb,perturb,kept,
phase,phase,kept,
photograph,photograph,kept,
pick,pick,kept,
pile,pile,kept,
pinch,pinch,kept,
ping,ping,kept,
pinpoint,pinpoint,kept,
plagiarize,plagiarize,kept,
plasticise,plasticize,kept+spelling,
plasticize,plasticize,merged-duplicate,plasticise
play,play,kept,
plays,play,merged-duplicate,play
pleasing,please,lemmatized,
plicate,plicate,kept,
plow,plow,kept,
pluck,pluck,kept,
plug,plug,kept,
plumb,plumb,kept,
plunge,plunge,kept,
ply,ply,kept,
poke,poke,kept,
polarize,polarize,kept,
pollute,pollute,kept,
polymerize,polymerize,kept,
ponder,ponder,kept,
pop,pop,kept,
popularize,popularize,kept,
populate,populate,kept,
pore,pore,kept,
ported,port,lemmatized,
pose,pose,kept,
posit,posit,kept,
positioning,position,lemmatized,
possess,possess,kept,
post,post,kept,
postpone,postpone,kept,
postulate,postulate,kept,
potentiate,potentiate,kept,
pour,pour,kept,
practice,practice,kept,
praise,praise,kept,
preach,preach,kept,
precede,precede,kept,
precipitate,precipitate,kept,
preclude,preclude,kept,
predetermine,predetermine,kept,
predict,predict,dropped-core-leak,predict
predisposed,predispose,lemmatized,
predominate,predominate,kept,
prefabricate,prefabricate,kept,
prefer,prefer,kept,
preform,preform,kept,
preheat,preheat,kept,
preoccupy,preoccupy,kept,
present,present,kept,
pressured,pressure,lemmatized,
pressurize,pressurize,kept,
presume,presume,kept,
presuppose,presuppose,kept,
prevail,prevail,kept,
prevent,prevent,kept,
printing,print,lemmatized,
prioritise,prioritize,dropped-core-leak,prioritize
prise,prise,kept,
probing,probe,dropped-core-leak,probe
proceed,proceed,kept,
prod,prod,kept,
profess,profess,kept,
prohibit,prohibit,kept,
proliferate,proliferate,kept,
prolong,prolong,kept,
promise,promise,kept,
promote,promote,kept,
prompt,prompt,kept,
pronounce,pronounce,kept,
propagate,propagate,kept,
propel,propel,kept,
prosper,prosper,kept,
protest,protest,kept,
protrude,protrude,kept,
proven,prove,dropped-core-leak,prove
providing,provide,dropped-core-leak,provide
provoke,provoke,kept,
prune,prune,kept,
pruning,prune,merged-duplicate,prune
pry,pry,kept,
publicize,publicize,kept,
publish,publish,kept,
pull,pull,kept,
pulsate,pulsate,kept,
pulverize,pulverize,kept,
pump,pump,kept,
punch,punch,kept,
purchase,purchase,kept,
purge,purge,kept,
purify,purify,kept,
pursue,pursue,kept,
push,push,kept,
put,put,kept,
putting,put,merged-duplicate,put
quadruple,quadruple,kept,
qualify,qualify,kept,
quantify,quantify,kept,
quantize,quantize,kept,
quarantine,quarantine,kept,
quench,quench,kept,
quit,quit,kept,
radiate,radiate,kept,
raise,raise,kept,
ramp,ramp,kept,
ran,run,lemmatized,
randomize,randomize,kept,
rang,ring,lemmatized,
rasterize,rasterize,kept,
rationalize,rationalize,kept,
ravel,ravel,kept,
re-create,re-create,kept,
re-examine,re-examine,kept,
re-introduce,re-introduce,kept,
reach,reach,kept,
react,react,kept,
reactivate,reactivate,kept,
readjust,readjust,kept,
realign,realign,kept,
realise,realize,kept+spelling,
realize,realize,merged-duplicate,realise
reallocate,reallocate,kept,
ream,ream,kept,
reap,reap,kept,
reappear,reappear,kept,
rear,rear,kept,
reassemble,reassemble,kept,
reassert,reassert,kept,
reassure,reassure,kept,
rebound,rebound,kept,
rebuild,rebuild,kept,
recalculate,recalculate,kept,
recapitulate,recapitulate,kept,
recapture,recapture,kept,
recast,recast,kept,
recede,recede,kept,
receive,receive,kept,
recharge,recharge,kept,
reciprocate,reciprocate,kept,
reckon,reckon,kept,
reclaim,reclaim,kept,
reclassify,reclassify,kept,
recode,recode,kept,
recognise,recognize,dropped-core-leak,recognize
recollect,recollect,kept,
recombine,recombine,kept,
reconciling,reconcile,dropped-core-leak,reconcile
recondition,recondition,kept,
reconsider,reconsider,kept,
reconstitute,reconstitute,kept,
recopy,recopy,kept,
recount,recount,kept,
recover,recover,kept,
recreate,recreate,kept,
recruit,recruit,kept,
recruiting,recruit,merged-duplicate,recruit
rectify,rectify,kept,
recur,recur,kept,
recycle,recycle,kept,
redefine,redefine,kept,
redeposit,redeposit,kept,
redesign,redesign,kept,
redevelop,redevelop,kept,
redirect,redirect,kept,
rediscover,rediscover,kept,
redistribute,redistribute,kept,
redone,redo,lemmatized,
reduce,reduce,kept,
reduced,reduce,merged-duplicate,reduce
reestablish,reestablish,kept,
reevaluate,reevaluate,kept,
reexamine,reexamine,kept,
refine,refine,kept,
reflect,reflect,kept,
refocus,refocus,kept,
reformulate,reformulate,kept,
refract,refract,kept,
refrain,refrain,kept,
refresh,refresh,kept,
refrigerate,refrigerate,kept,
refuel,refuel,kept,
refurbish,refurbish,kept,
refuse,refuse,kept,
refute,refute,kept,
regain,regain,kept,
regard,regard,kept,
regenerate,regenerate,kept,
register,register,kept,
regret,regret,kept,
regroup,regroup,kept,
regularize,regularize,kept,
regulate,regulate,kept,
rehabilitate,rehabilitate,kept,
reify,reify,kept,
reignite,reignite,kept,
reimpose,reimpose,kept,
reintroduce,reintroduce,kept,
reinvent,reinvent,kept,
reinvigorate,reinvigorate,kept,
reiterate,reiterate,kept,
reject,reject,kept,
rejoin,rejoin,kept,
rejuvenate,rejuvenate,kept,
relax,relax,kept,
released,release,dropped-core-leak,release
relegate,relegate,kept,
relied,rely,lemmatized,
relieve,relieve,kept,
reload,reload,kept,
relocate,relocate,kept,
rely,rely,merged-duplicate,relied
remain,remain,kept,
remake,remake,kept,
remediate,remediate,kept,
remember,remember,kept,
remind,remind,kept,
remodel,remodel,kept,
remold,remold,kept,
remove,remove,kept,
rename,rename,kept,
render,render,kept,
rendering,render,merged-duplicate,render
renew,renew,kept,
renormalize,renormalize,kept,
renounce,renounce,kept,
renovate,renovate,kept,
reorder,reorder,kept,
reorient,reorient,kept,
repaid,repay,lemmatized,
repaint,repaint,kept,
repel,repel,kept,
rephrase,rephrase,kept,
replace,replace,kept,
replant,replant,kept,
replenish,replenish,kept,
replicate,replicate,kept,
reposition,reposition,kept,
repress,repress,kept,
reprint,reprint,kept,
republish,republish,kept,
request,request,kept,
require,require,kept,
reread,reread,kept,
rescale,rescale,kept,
reschedule,reschedule,kept,
reseed,reseed,kept,
resemble,resemble,kept,
resent,resent,kept,
reserve,reserve,kept,
reset,reset,kept,
reshape,reshape,kept,
reside,reside,kept,
resist,resist,kept,
resize,resize,kept,
resonate,resonate,kept,
restart,restart,kept,
resting,rest,lemmatized,
restore,restore,kept,
restrain,restrain,kept,
restrict,restrict,kept,
result,result,kept,
resume,resume,kept,
resuspend,resuspend,kept,
retain,retain,kept,
rethink,rethink,kept,
retire,retire,kept,
retrace,retrace,kept,
retract,retract,kept,
retrain,retrain,kept,
retreating,retreat,lemmatized,
retry,retry,kept,
return,return,kept,
reunify,reunify,kept,
reunite,reunite,kept,
reuse,reuse,kept,
reveal,reveal,kept,
reverse,reverse,kept,
revert,revert,kept,
revised,revise,dropped-core-leak,revise
revisit,revisit,kept,
revisited,revisit,merged-duplicate,revisit
revive,revive,kept,
revolutionize,revolutionize,kept,
revolve,revolve,kept,
rewire,rewire,kept,
reword,reword,kept,
rework,rework,kept,
rewrote,rewrite,dropped-core-leak,rewrite
ride,ride,kept,
rinse,rinse,kept,
rip,rip,kept,
ripple,ripple,kept,
rise,rise,kept,
roam,roam,kept,
rob,rob,kept,
roll,roll,kept,
rotate,rotate,kept,
roughen,roughen,kept,
round,round,kept,
rout,rout,kept,
rove,rove,kept,
rub,rub,kept,
ruin,ruin,kept,
rule,rule,kept,
run,run,merged-duplicate,ran
rupture,rupture,kept,
safeguard,safeguard,kept,
said,say,lemmatized,
sail,sail,kept,
satisfy,satisfy,kept,
saturate,saturate,kept,
save,save,kept,
saw,saw,kept,
sawn,saw,merged-duplicate,saw
say,say,merged-duplicate,said
scaling,scale,lemmatized,
scan,scan,kept,
scarify,scarify,kept,
scatter,scatter,kept,
scavenge,scavenge,kept,
scour,scour,kept,
scramble,scramble,kept,
scrape,scrape,kept,
scratch,scratch,kept,
screw,screw,kept,
scribe,scribe,kept,
scroll,scroll,kept,
sculpt,sculpt,kept,
seal,seal,kept,
seating,seat,lemmatized,
secrete,secrete,kept,
sectionalize,sectionalize,kept,
secure,secure,kept,
sediment,sediment,kept,
see,see,kept,
seek,seek,kept,
seem,seem,kept,
seen,see,merged-duplicate,see
seep,seep,kept,
segregate,segregate,kept,
selecting,select,dropped-core-leak,select
sell,sell,kept,
send,send,kept,
sensitize,sensitize,kept,
sent,send,merged-duplicate,send
sequester,sequester,kept,
serve,serve,kept,
set,set,kept,
settle,settle,kept,
shadow,shadow,kept,
shake,shake,kept,
share,share,kept,
sharpen,sharpen,kept,
shattered,shatter,lemmatized,
shave,shave,kept,
shear,shear,kept,
shed,shed,kept,
shield,shield,kept,
shift,shift,kept,
shine,shine,kept,
shipping,ship,lemmatized,
shoot,shoot,kept,
shorten,shorten,kept,
shove,shove,kept,
shovel,shovel,kept,
shrink,shrink,kept,
shuffle,shuffle,kept,
shut,shut,kept,
sided,side,lemmatized,
sidestep,sidestep,kept,
sign,sign,kept,
signal,signal,kept,
signify,signify,kept,
silt,silt,kept,
sin,sin,kept,
sing,sing,kept,
sink,sink,kept,
siphon,siphon,kept,
sit,sit,kept,
situate,situate,kept,
skew,skew,kept,
skip,skip,kept,
slap,slap,kept,
slice,slice,kept,
slide,slide,kept,
slip,slip,kept,
slither,slither,kept,
slosh,slosh,kept,
slow,slow,kept,
slowing,slow,merged-duplicate,slow
smear,smear,kept,
smile,smile,kept,
smoke,smoke,kept,
smooth,smooth,kept,
smoothen,smoothen,kept,
smudge,smudge,kept,
snap,snap,kept,
soak,soak,kept,
soar,soar,kept,
socialize,socialize,kept,
soften,soften,kept,
solicit,solicit,kept,
solidify,solidify,kept,
sound,sound,kept,
sow,sow,kept,
sparge,sparge,kept,
spark,spark,kept,
spawn,spawn,kept,
speak,speak,kept,
spearhead,spearhead,kept,
specialise,specialize,kept+spelling,
specialize,specialize,merged-duplicate,specialise
spell,spell,kept,
spend,spend,kept,
splash,splash,kept,
splice,splice,kept,
split,split,kept,
spoil,spoil,kept,
sponsor,sponsor,kept,
sporulate,sporulate,kept,
spray,spray,kept,
spread,spread,kept,
sprinkle,sprinkle,kept,
spun,spin,lemmatized,
sputter,sputter,kept,
squander,squander,kept,
squash,squash,kept,
squeeze,squeeze,kept,
squirt,squirt,kept,
stabilise,stabilize,kept+spelling,
stabilize,stabilize,merged-duplicate,stabilise
stack,stack,kept,
stagger,stagger,kept,
staggering,stagger,merged-duplicate,stagger
stagnate,stagnate,kept,
stall,stall,kept,
stamp,stamp,kept,
stand,stand,kept,
standardise,standardize,kept+spelling,
standardize,standardize,merged-duplicate,standardise
start,start,kept,
starting,start,merged-duplicate,start
starve,starve,kept,
stay,stay,kept,
steal,steal,kept,
steer,steer,kept,
steering,steer,merged-duplicate,steer
stick,stick,kept,
stiffen,stiffen,kept,
stifle,stifle,kept,
stimulate,stimulate,kept,
stipulate,stipulate,kept,
stir,stir,kept,
stitch,stitch,kept,
stockpile,stockpile,kept,
stomp,stomp,kept,
stoop,stoop,kept,
stop,stop,kept,
stored,store,lemmatized,
straddle,straddle,kept,
straighten,straighten,kept,
stratify,stratify,kept,
stray,stray,kept,
streamline,streamline,kept,
strengthen,strengthen,kept,
stretch,stretch,kept,
strike,strike,kept,
strive,strive,kept,
structuring,structure,dropped-core-leak,structure
struggle,struggle,kept,
stutter,stutter,kept,
stylize,stylize,kept,
stymy,stymy,kept,
subdued,subdue,lemmatized,
submerge,submerge,kept,
submit,submit,kept,
subside,subside,kept,
substantiate,substantiate,kept,
subsume,subsume,kept,
subtend,subtend,kept,
succeed,succeed,kept,
sue,sue,kept,
suffer,suffer,kept,
suffice,suffice,kept,
summarise,summarize,dropped-core-leak,summarize
superimpose,superimpose,kept,
supersede,supersede,kept,
supplant,supplant,kept,
suppose,suppose,kept,
suppress,suppress,kept,
surpass,surpass,kept,
surround,surround,kept,
surveying,survey,dropped-core-leak,survey
survive,survive,kept,
suspect,suspect,kept,
suspend,suspend,kept,
sustain,sustain,kept,
sway,sway,kept,
sweep,sweep,kept,
swell,swell,kept,
switch,switch,kept,
swivel,swivel,kept,
symbolize,symbolize,kept,
symmetrize,symmetrize,kept,
synchronise,synchronize,kept+spelling,
synchronize,synchronize,merged-duplicate,synchronise
systematize,systematize,kept,
tackle,tackle,kept,
take,take,kept,
talk,talk,kept,
tame,tame,kept,
tamper,tamper,kept,
taper,taper,kept,
target,target,kept,
teaching,teach,dropped-core-leak,teach
tear,tear,kept,
tease,tease,kept,
teleport,teleport,kept,
tempt,tempt,kept,
tend,tend,kept,
terminate,terminate,kept,
terrorize,terrorize,kept,
testify,testify,kept,
thank,thank,kept,
thaw,thaw,kept,
theorize,theorize,kept,
thicken,thicken,kept,
think,think,kept,
thinking,think,merged-duplicate,think
threaten,threaten,kept,
thrive,thrive,kept,
throttle,throttle,kept,
throw,throw,kept,
thumb,thumb,kept,
thwart,thwart,kept,
tick,tick,kept,
tie,tie,kept,
tighten,tighten,kept,
tiling,tile,lemmatized,
tilt,tilt,kept,
tink,tink,kept,
tinker,tinker,kept,
tint,tint,kept,
titrate,titrate,kept,
toggle,toggle,kept,
tolerate,tolerate,kept,
tore,tear,merged-duplicate,tear
toss,toss,kept,
total,total,kept,
touch,touch,kept,
toughen,toughen,kept,
tour,tour,kept,
track,track,kept,
tracking,track,merged-duplicate,track
transcend,transcend,kept,
transect,transect,kept,
transgress,transgress,kept,
transistorize,transistorize,kept,
transmit,transmit,kept,
transport,transport,kept,
transpose,transpose,kept,
travel,travel,kept,
traverse,traverse,kept,
treat,treat,kept,
triangulate,triangulate,kept,
trick,trick,kept,
trigger,trigger,kept,
trim,trim,kept,
truncate,truncate,kept,
trust,trust,kept,
try,try,kept,
tuck,tuck,kept,
tumble,tumble,kept,
tuning,tune,lemmatized,
turn,turn,kept,
tweak,tweak,kept,
twist,twist,kept,
typify,typify,kept,
unblock,unblock,kept,
uncouple,uncouple,kept,
uncover,uncover,kept,
underdevelop,underdevelop,kept,
underestimate,underestimate,kept,
undergird,undergird,kept,
undergo,undergo,kept,
undergone,undergo,merged-duplicate,undergo
underlain,underlie,lemmatized,
underlie,underlie,merged-duplicate,underlain
undermine,undermine,kept,
underperform,underperform,kept,
underpin,underpin,kept,
underscore,underscore,kept,
undertake,undertake,kept,
underwent,undergo,merged-duplicate,undergo
undo,undo,kept,
undoing,undo,merged-duplicate,undo
undone,undo,merged-duplicate,undo
undulate,undulate,kept,
unfold,unfold,kept,
unite,unite,kept,
unitize,unitize,kept,
unleash,unleash,kept,
unload,unload,kept,
unlock,unlock,kept,
unpack,unpack,kept,
unravel,unravel,kept,
unroll,unroll,kept,
unveil,unveil,kept,
unwrap,unwrap,kept,
upgrade,upgrade,kept,
uplift,uplift,kept,
upload,upload,kept,
upset,upset,kept,
urge,urge,kept,
used,use,dropped-core-leak,use
usher,usher,kept,
using,use,dropped-core-leak,use
utilise,utilize,dropped-core-leak,utilize
vaccinate,vaccinate,kept,
vanish,vanish,kept,
vaporize,vaporize,kept,
vary,vary,kept,
vascularize,vascularize,kept,
veer,veer,kept,
vegetate,vegetate,kept,
vent,vent,kept,
ventilate,ventilate,kept,
verbalize,verbalize,kept,
verge,verge,kept,
vested,vest,lemmatized,
vibrate,vibrate,kept,
violate,violate,kept,
visit,visit,kept,
void,void,kept,
vote,vote,kept,
vow,vow,kept,
wait,wait,kept,
wake,wake,kept,
walk,walk,kept,
want,want,kept,
warn,warn,kept,
warp,warp,kept,
warping,warp,merged-duplicate,warp
wash,wash,kept,
watch,watch,kept,
weaken,weaken,kept,
wear,wear,kept,
weave,weave,kept,
weep,weep,kept,
welcoming,welcome,lemmatized,
weld,weld,kept,
wend,wend,kept,
whiten,whiten,kept,
widen,widen,kept,
wield,wield,kept,
wiggle,wiggle,kept,
will,will,kept,
win,win,kept,
winnow,winnow,kept,
wipe,wipe,kept,
wish,wish,kept,
withdraw,withdraw,kept,
withhold,withhold,kept,
withstand,withstand,kept,
witness,witness,kept,
won,win,merged-duplicate,win
wonder,wonder,kept,
work,work,kept,
works,work,merged-duplicate,work
worry,worry,kept,
worsen,worsen,kept,
wove,weave,merged-duplicate,weave
wrap,wrap,kept,
wring,wring,kept,
yield,yield,kept,
zoom,zoom,kept,
zoomed,zoom,merged-duplicate,zoom
