sample_origin,domain_sampled,verb,Accepted,AcceptedCount,AcceptedPattern,PrimaryDomain,OtherDomains,SoftAccepted,SoftAcceptedCount,SoftPattern,SoftPrimaryDomain,SoftOtherDomains,score_Kn,score_Cm,score_Ap,score_An,score_Sn,score_Ev,cal_score_Kn,thr_Kn,meets_thr_Kn,cal_score_Cm,thr_Cm,meets_thr_Cm,cal_score_Ap,thr_Ap,meets_thr_Ap,cal_score_An,thr_An,meets_thr_An,cal_score_Sn,thr_Sn,meets_thr_Sn,cal_score_Ev,thr_Ev,meets_thr_Ev,accept_Kn,accept_Cm,accept_Ap,accept_An,accept_Sn,accept_Ev,Kn,Cm,Ap,An,Sn,Ev
per_PrimaryDomain_hard,An,bisect,1,1,100,An,,True,2,110,An,Sn,0.606,0.627,0.315,0.956,0.758,0.616,0.605973,0.853403,0,0.627078,0.827225,0,0.315397,0.581152,0,0.956272,0.63089,1,0.758071,0.651832,1,0.616485,0.772251,0,0,0,0,1,0,0,0,0,0,1,0,0
per_PrimaryDomain_hard,An,differ,1,3,10101,An,"Cm, Ev",True,3,10101,An,"Cm, Ev",0.205,0.925,0.195,0.947,0.356,0.898,0.204708,0.853403,0,0.925364,0.827225,1,0.195084,0.581152,0,0.947398,0.63089,1,0.356488,0.651832,0,0.898339,0.772251,1,0,1,0,1,0,1,0,1,0,1,0,1
per_PrimaryDomain_hard,An,percolate,1,1,100,An,,True,1,100,An,,0.429,0.506,0.298,0.722,0.549,0.332,0.429243,0.853403,0,0.505573,0.827225,0,0.297812,0.581152,0,0.72166,0.63089,1,0.548522,0.651832,0,0.332442,0.772251,0,0,0,0,1,0,0,0,0,0,1,0,0
per_PrimaryDomain_hard,An,disentangle,1,1,100,An,,True,2,10100,An,Cm,0.356,0.757,0.212,0.843,0.472,0.434,0.355709,0.853403,0,0.756833,0.827225,0,0.21178,0.581152,0,0.84289,0.63089,1,0.472197,0.651832,0,0.434347,0.772251,0,0,0,0,1,0,0,0,0,0,1,0,0
per_PrimaryDomain_hard,An,grout,1,1,100,An,,True,1,100,An,,0.598,0.379,0.181,0.956,0.158,0.044,0.598423,0.853403,0,0.379046,0.827225,0,0.181416,0.581152,0,0.95602,0.63089,1,0.157925,0.651832,0,0.044421,0.772251,0,0,0,0,1,0,0,0,0,0,1,0,0
per_PrimaryDomain_hard,Ap,prod,1,1,1000,Ap,,True,4,1111,Ap,"An, Sn, Ev",0.269,0.24,0.938,0.634,0.561,0.669,0.268849,0.853403,0,0.239977,0.827225,0,0.938388,0.581152,1,0.634231,0.63089,1,0.561095,0.651832,0,0.668958,0.772251,0,0,0,1,0,0,0,0,0,1,0,0,0
per_PrimaryDomain_hard,Ap,sponsor,1,1,1000,Ap,,True,1,1000,Ap,,0.429,0.702,0.845,0.435,0.277,0.222,0.428616,0.853403,0,0.702014,0.827225,0,0.844864,0.581152,1,0.435402,0.63089,0,0.276648,0.651832,0,0.222185,0.772251,0,0,0,1,0,0,0,0,0,1,0,0,0
per_PrimaryDomain_hard,Ap,manifest,1,1,1000,Ap,,True,1,1000,Ap,,0.605,0.645,0.77,0.227,0.512,0.367,0.605497,0.853403,0,0.644962,0.827225,0,0.769996,0.581152,1,0.227309,0.63089,0,0.511529,0.651832,0,0.367263,0.772251,0,0,0,1,0,0,0,0,0,1,0,0,0
per_PrimaryDomain_hard,Ap,publicize,1,1,1000,Ap,,True,2,1010,Ap,Sn,0.209,0.24,0.983,0.194,0.736,0.106,0.208506,0.853403,0,0.240402,0.827225,0,0.982817,0.581152,1,0.194457,0.63089,0,0.73625,0.651832,1,0.105614,0.772251,0,0,0,1,0,0,0,0,0,1,0,0,0
per_PrimaryDomain_hard,Ap,pressurize,1,1,1000,Ap,,True,3,1101,Ap,"An, Ev",0.149,0.181,0.702,0.622,0.441,0.657,0.149215,0.853403,0,0.181093,0.827225,0,0.701655,0.581152,1,0.622148,0.63089,0,0.44071,0.651832,0,0.657316,0.772251,0,0,0,1,0,0,0,0,0,1,0,0,0
per_PrimaryDomain_hard,Cm,overestimate,1,1,10000,Cm,,True,2,10010,Cm,Sn,0.341,0.832,0.149,0.448,0.731,0.556,0.34079,0.853403,0,0.832128,0.827225,1,0.149163,0.581152,0,0.447977,0.63089,0,0.731213,0.651832,1,0.555572,0.772251,0,0,1,0,0,0,0,0,1,0,0,0,0
per_PrimaryDomain_hard,Cm,demystify,1,1,10000,Cm,,True,3,10101,Cm,"An, Ev",0.471,0.965,0.293,0.826,0.244,0.753,0.471445,0.853403,0,0.965116,0.827225,1,0.292804,0.581152,0,0.826388,0.63089,1,0.243608,0.651832,0,0.753037,0.772251,0,0,1,0,0,0,0,0,1,0,0,0,0
per_PrimaryDomain_hard,Cm,decipher,1,1,10000,Cm,,True,2,10100,Cm,An,0.373,0.954,0.249,0.731,0.12,0.554,0.372569,0.853403,0,0.953624,0.827225,1,0.24879,0.581152,0,0.730615,0.63089,1,0.120394,0.651832,0,0.553963,0.772251,0,0,1,0,0,0,0,0,1,0,0,0,0
per_PrimaryDomain_hard,Cm,disambiguate,1,1,10000,Cm,,True,2,10100,Cm,An,0.374,0.983,0.264,0.636,0.275,0.534,0.373888,0.853403,0,0.982512,0.827225,1,0.26431,0.581152,0,0.635766,0.63089,1,0.274928,0.651832,0,0.533956,0.772251,0,0,1,0,0,0,0,0,1,0,0,0,0
per_PrimaryDomain_hard,Cm,rotate,1,1,10000,Cm,,True,3,11100,Cm,"Ap, An",0.569,0.833,0.635,0.773,0.549,0.536,0.568748,0.853403,0,0.832969,0.827225,1,0.635443,0.581152,1,0.772879,0.63089,1,0.548982,0.651832,0,0.535849,0.772251,0,0,1,0,0,0,0,0,1,0,0,0,0
per_PrimaryDomain_hard,Ev,gauge,1,1,1,Ev,,True,3,101001,Ev,"Kn, Ap",0.768,0.233,0.536,0.441,0.206,0.918,0.768411,0.853403,0,0.232777,0.827225,0,0.535541,0.581152,0,0.44067,0.63089,0,0.205842,0.651832,0,0.91846,0.772251,1,0,0,0,0,0,1,0,0,0,0,0,1
per_PrimaryDomain_hard,Ev,infect,1,1,1,Ev,,True,1,1,Ev,,0.149,0.496,0.296,0.429,0.316,0.798,0.149215,0.853403,0,0.495789,0.827225,0,0.296064,0.581152,0,0.4292,0.63089,0,0.316422,0.651832,0,0.798475,0.772251,1,0,0,0,0,0,1,0,0,0,0,0,1
per_PrimaryDomain_hard,Ev,disengage,1,1,1,Ev,,True,2,101,Ev,An,0.149,0.026,0.281,0.539,0.178,0.908,0.149215,0.853403,0,0.026178,0.827225,0,0.280691,0.581152,0,0.538907,0.63089,0,0.178309,0.651832,0,0.908095,0.772251,1,0,0,0,0,0,1,0,0,0,0,0,1
per_PrimaryDomain_hard,Ev,seal,1,1,1,Ev,,True,2,101,Ev,An,0.63,0.377,0.119,0.718,0.258,0.907,0.630101,0.853403,0,0.376875,0.827225,0,0.119397,0.581152,0,0.718419,0.63089,1,0.258493,0.651832,0,0.907314,0.772251,1,0,0,0,0,0,1,0,0,0,0,0,1
per_PrimaryDomain_hard,Ev,crumble,1,1,1,Ev,,True,1,1,Ev,,0.374,0.108,0.291,0.503,0.394,0.831,0.373833,0.853403,0,0.10806,0.827225,0,0.290889,0.581152,0,0.5033,0.63089,0,0.393962,0.651832,0,0.831267,0.772251,1,0,0,0,0,0,1,0,0,0,0,0,1
per_PrimaryDomain_hard,Kn,flip,1,1,100000,Kn,,True,3,101100,Kn,"Ap, An",0.916,0.489,0.589,0.747,0.105,0.178,0.916329,0.853403,1,0.488706,0.827225,0,0.589187,0.581152,1,0.74663,0.63089,1,0.105179,0.651832,0,0.177555,0.772251,0,1,0,0,0,0,0,1,0,0,0,0,0
per_PrimaryDomain_hard,Kn,mate,1,1,100000,Kn,,True,2,100001,Kn,Ev,0.954,0.395,0.003,0.332,0.033,0.851,0.953714,0.853403,1,0.394564,0.827225,0,0.002618,0.581152,0,0.33219,0.63089,0,0.033488,0.651832,0,0.851274,0.772251,1,1,0,0,0,0,0,1,0,0,0,0,0
per_PrimaryDomain_hard,Kn,display,1,2,110000,Kn,Cm,True,3,110100,Kn,"Cm, An",0.909,0.876,0.479,0.56,0.254,0.389,0.908569,0.853403,1,0.876017,0.827225,1,0.478923,0.581152,0,0.560331,0.63089,0,0.254478,0.651832,0,0.388525,0.772251,0,1,1,0,0,0,0,1,1,0,0,0,0
per_PrimaryDomain_hard,Kn,live,1,1,100000,Kn,,True,3,111000,Kn,"Cm, Ap",0.917,0.8,0.784,0.202,0.307,0.036,0.916785,0.853403,1,0.800136,0.827225,0,0.783733,0.581152,1,0.202225,0.63089,0,0.306888,0.651832,0,0.036197,0.772251,0,1,0,0,0,0,0,1,0,0,0,0,0
per_PrimaryDomain_hard,Kn,recur,1,1,100000,Kn,,True,1,100000,Kn,,0.905,0.519,0.142,0.02,0.403,0.585,0.905373,0.853403,1,0.519283,0.827225,0,0.141885,0.581152,0,0.020482,0.63089,0,0.402967,0.651832,0,0.5855,0.772251,0,1,0,0,0,0,0,1,0,0,0,0,0
per_PrimaryDomain_hard,Sn,envision,1,1,10,Sn,,True,1,10,Sn,,0.46,0.401,0.083,0.076,0.997,0.457,0.459529,0.853403,0,0.400851,0.827225,0,0.083477,0.581152,0,0.075913,0.63089,0,0.996664,0.651832,1,0.456947,0.772251,0,0,0,0,0,1,0,0,0,0,0,1,0
per_PrimaryDomain_hard,Sn,vaccinate,1,1,10,Sn,,True,3,1011,Ev,"Ap, Sn",0.4,0.239,0.598,0.037,0.667,0.772,0.39975,0.853403,0,0.239173,0.827225,0,0.598002,0.581152,1,0.037088,0.63089,0,0.667037,0.651832,1,0.771789,0.772251,0,0,0,0,0,1,0,0,0,0,0,1,0
per_PrimaryDomain_hard,Sn,interject,1,1,10,Sn,,True,1,10,Sn,,0.354,0.557,0.076,0.019,0.767,0.071,0.354077,0.853403,0,0.5567,0.827225,0,0.075691,0.581152,0,0.019479,0.63089,0,0.766687,0.651832,1,0.071249,0.772251,0,0,0,0,0,1,0,0,0,0,0,1,0
per_PrimaryDomain_hard,Sn,aerate,1,1,10,Sn,,True,2,1010,Sn,Ap,0.149,0.225,0.538,0.038,0.786,0.355,0.149215,0.853403,0,0.224966,0.827225,0,0.538237,0.581152,0,0.038083,0.63089,0,0.785567,0.651832,1,0.355289,0.772251,0,0,0,0,0,1,0,0,0,0,0,1,0
per_PrimaryDomain_hard,Sn,typify,1,1,10,Sn,,True,2,110,Sn,An,0.393,0.553,0.211,0.607,0.666,0.345,0.392639,0.853403,0,0.553115,0.827225,0,0.2109,0.581152,0,0.606684,0.63089,0,0.666098,0.651832,1,0.344507,0.772251,0,0,0,0,0,1,0,0,0,0,0,1,0
